-- phpMyAdmin SQL Dump
-- version 4.7.0
-- https://www.phpmyadmin.net/
--
-- Host: localhost
-- Generation Time: 2018-01-28 14:25:55
-- 服务器版本： 5.7.18
-- PHP Version: 5.6.30

SET SQL_MODE = "NO_AUTO_VALUE_ON_ZERO";
SET AUTOCOMMIT = 0;
START TRANSACTION;
SET time_zone = "+00:00";


/*!40101 SET @OLD_CHARACTER_SET_CLIENT=@@CHARACTER_SET_CLIENT */;
/*!40101 SET @OLD_CHARACTER_SET_RESULTS=@@CHARACTER_SET_RESULTS */;
/*!40101 SET @OLD_COLLATION_CONNECTION=@@COLLATION_CONNECTION */;
/*!40101 SET NAMES utf8mb4 */;

--
-- Database: `cAuth`
--

-- --------------------------------------------------------

--
-- 表的结构 `cAppinfo`
--

CREATE TABLE `cAppinfo` (
  `appid` char(36) CHARACTER SET latin1 DEFAULT NULL,
  `secret` char(64) CHARACTER SET latin1 DEFAULT NULL,
  `ip` char(20) CHARACTER SET latin1 DEFAULT NULL,
  `login_duration` int(11) DEFAULT NULL,
  `qcloud_appid` char(64) CHARACTER SET latin1 DEFAULT NULL,
  `session_duration` int(11) DEFAULT NULL
) ENGINE=InnoDB DEFAULT CHARSET=utf8mb4;

--
-- 转存表中的数据 `cAppinfo`
--

INSERT INTO `cAppinfo` (`appid`, `secret`, `ip`, `login_duration`, `qcloud_appid`, `session_duration`) VALUES
('wxef60ee565b6fa65f', '', '123.207.40.38', 1000, '1255773188', 2000);

-- --------------------------------------------------------

--
-- 表的结构 `cSessionInfo`
--

CREATE TABLE `cSessionInfo` (
  `open_id` varchar(100) COLLATE utf8mb4_unicode_ci NOT NULL,
  `uuid` varchar(100) COLLATE utf8mb4_unicode_ci NOT NULL,
  `skey` varchar(100) COLLATE utf8mb4_unicode_ci NOT NULL,
  `create_time` timestamp NOT NULL DEFAULT CURRENT_TIMESTAMP,
  `last_visit_time` timestamp NOT NULL DEFAULT CURRENT_TIMESTAMP,
  `session_key` varchar(100) COLLATE utf8mb4_unicode_ci NOT NULL,
  `user_info` varchar(2048) COLLATE utf8mb4_unicode_ci NOT NULL
) ENGINE=InnoDB DEFAULT CHARSET=utf8mb4 COLLATE=utf8mb4_unicode_ci COMMENT='会话管理用户信息';

--
-- 转存表中的数据 `cSessionInfo`
--

INSERT INTO `cSessionInfo` (`open_id`, `uuid`, `skey`, `create_time`, `last_visit_time`, `session_key`, `user_info`) VALUES
('ojVEl0dDlpiS7dS58LzoE--9nsRw', '6611d2b6-5673-4a58-b768-30eda9691d61', 'a10359f41f2582d736ae3e6bbd34c49a5d225d62', '2018-01-28 09:59:11', '2018-01-28 09:59:11', 'cbJSzIoEqqTpXorlHyctIQ==', '{\"openId\":\"ojVEl0dDlpiS7dS58LzoE--9nsRw\",\"nickName\":\"Jenny Liu 刘静妮\",\"gender\":2,\"language\":\"zh_CN\",\"city\":\"\",\"province\":\"\",\"country\":\"\",\"avatarUrl\":\"https://wx.qlogo.cn/mmopen/vi_32/yWmQSjN8SbA6LpRqlPKQicX8ib2LPhWHm2ia6ibh65g7ttZX5d8rHVricgicGNNTHW7EZFjiayqhH5qtFr2TPbdYx5eNw/0\",\"watermark\":{\"timestamp\":1517133549,\"appid\":\"wxef60ee565b6fa65f\"}}'),
('ojVEl0Sn5rtJeGut5LQRGiEou_Vs', '910bcccc-6170-47f0-9350-d2e85505c1d0', '55ca7e4f7a6449ae812c9ca704bed43654e7a98b', '2018-01-21 15:35:47', '2018-01-21 15:35:47', 'S6/mEreyveQ6DO9PMK6Ung==', '{\"openId\":\"ojVEl0Sn5rtJeGut5LQRGiEou_Vs\",\"nickName\":\"honeyrui\",\"gender\":2,\"language\":\"zh_CN\",\"city\":\"Harbin\",\"province\":\"Heilongjiang\",\"country\":\"China\",\"avatarUrl\":\"https://wx.qlogo.cn/mmopen/vi_32/ve8CgVv7RMogdrLVAnv7rIIdc5d6IxfGMndI3wHKw8eib6hyfOzTv96iazjwk3Q0iaYUicm7O9sXVliaiawaEeLibzXrg/0\",\"watermark\":{\"timestamp\":1516548945,\"appid\":\"wxef60ee565b6fa65f\"}}'),
('ojVEl0XuK00Wthcppktt5rVu-9DA', '12ceb36f-3f56-4fde-af6e-06e55c4d7fd7', 'eea5ec283372bacf30e8ad931988ab657b6b0a56', '2018-01-28 14:09:00', '2018-01-28 14:09:00', 'UIVMqt0pUEgJ9cXxgfngkw==', '{\"openId\":\"ojVEl0XuK00Wthcppktt5rVu-9DA\",\"nickName\":\"田晗\",\"gender\":1,\"language\":\"zh_CN\",\"city\":\"Shenzhen\",\"province\":\"Guangdong\",\"country\":\"China\",\"avatarUrl\":\"https://wx.qlogo.cn/mmopen/vi_32/td7fs4gViaTbiapawxWiaxZKyJISqvcvNfjtphNtYhRXcZDqT9U6l0fatjq8waEL74CSIsyVOWwXpIx3utaj9N28Q/0\",\"watermark\":{\"timestamp\":1517148539,\"appid\":\"wxef60ee565b6fa65f\"}}');

-- --------------------------------------------------------

--
-- 表的结构 `meeting_apply`
--

CREATE TABLE `meeting_apply` (
  `user_id` varchar(30) NOT NULL COMMENT '用户ID',
  `meeting_date` varchar(8) NOT NULL COMMENT '会议日期',
  `meeting_time` int(2) NOT NULL COMMENT '会议场次',
  `role_type` int(1) NOT NULL COMMENT '角色类型（1、演讲者；2、主持人）',
  `meeting_type` int(1) NOT NULL DEFAULT '1' COMMENT '会议类型（1、中文；2、英文）',
  `create_date` timestamp NOT NULL DEFAULT CURRENT_TIMESTAMP COMMENT '创建时间'
) ENGINE=InnoDB DEFAULT CHARSET=utf8 COMMENT='报名表';

--
-- 转存表中的数据 `meeting_apply`
--

INSERT INTO `meeting_apply` (`user_id`, `meeting_date`, `meeting_time`, `role_type`, `meeting_type`, `create_date`) VALUES
('AA', '20180121', 20, 1, 2, '2018-01-28 13:11:24'),
('AA', '20180127', 20, 1, 1, '2018-01-28 13:11:24');

-- --------------------------------------------------------

--
-- 表的结构 `meeting_apply_pre`
--

CREATE TABLE `meeting_apply_pre` (
  `user_id` varchar(30) NOT NULL COMMENT '用户ID',
  `meeting_day` int(1) NOT NULL COMMENT '会议日期',
  `apply_time` int(2) NOT NULL COMMENT '会议场次',
  `role_type` int(1) NOT NULL COMMENT '角色类型（1、演讲者；2、主持人）',
  `create_date` timestamp NOT NULL DEFAULT CURRENT_TIMESTAMP COMMENT '创建时间'
) ENGINE=InnoDB DEFAULT CHARSET=utf8 COMMENT='预报名表';

-- --------------------------------------------------------

--
-- 表的结构 `meeting_record`
--

CREATE TABLE `meeting_record` (
  `meeting_date` varchar(8) NOT NULL,
  `meeting_time` int(4) NOT NULL DEFAULT '21',
  `room_id` varchar(30) NOT NULL,
  `meeting_host` varchar(30) NOT NULL,
  `create_date` timestamp NOT NULL DEFAULT CURRENT_TIMESTAMP COMMENT '创建时间'
) ENGINE=InnoDB DEFAULT CHARSET=utf8mb4 COMMENT='会议组织情况';

-- --------------------------------------------------------

--
-- 表的结构 `meeting_report`
--

CREATE TABLE `meeting_report` (
  `user_id` int(30) NOT NULL COMMENT '用户ID',
  `meeting_date` varchar(8) NOT NULL COMMENT '会议日期',
  `meeting_time` int(4) NOT NULL COMMENT '会议场次',
  `report_content` text NOT NULL COMMENT '复盘内容',
  `create_date` timestamp NOT NULL DEFAULT CURRENT_TIMESTAMP ON UPDATE CURRENT_TIMESTAMP COMMENT '创建时间'
) ENGINE=InnoDB DEFAULT CHARSET=utf8 COMMENT='会议复盘';

-- --------------------------------------------------------

--
-- 表的结构 `user_absent`
--

CREATE TABLE `user_absent` (
  `user_id` varchar(19) NOT NULL COMMENT '用户ID',
  `meeting_date` int(8) NOT NULL COMMENT '会议日期',
  `meeting_time` int(2) NOT NULL COMMENT '会议场次',
  `absent_type` int(1) NOT NULL COMMENT '缺勤类型（1、请假；2、无故缺勤）'
) ENGINE=InnoDB DEFAULT CHARSET=utf8;

-- --------------------------------------------------------

--
-- 表的结构 `user_base_info`
--

CREATE TABLE `user_base_info` (
  `user_id` varchar(30) NOT NULL COMMENT '用户ID',
  `wechat_id` varchar(20) DEFAULT NULL COMMENT '微信号',
  `nick_name` varchar(30) DEFAULT NULL COMMENT '昵称',
  `mobile` int(13) DEFAULT NULL COMMENT '手机号',
  `recommend_user` varchar(30) DEFAULT NULL COMMENT '推荐人',
  `province` varchar(20) DEFAULT NULL COMMENT '省份',
  `city` varchar(20) DEFAULT NULL COMMENT '城市',
  `create_date` timestamp NULL DEFAULT CURRENT_TIMESTAMP COMMENT '创建时间',
  `modify_date` timestamp NULL DEFAULT CURRENT_TIMESTAMP COMMENT '最后修改时间',
  `chinese_name` varchar(30) DEFAULT NULL COMMENT '中文姓名',
  `first_speak_date` timestamp NULL DEFAULT NULL COMMENT '首次参会时间'
) ENGINE=InnoDB DEFAULT CHARSET=utf8 COMMENT='用户基础信息表';

--
-- 转存表中的数据 `user_base_info`
--

INSERT INTO `user_base_info` (`user_id`, `wechat_id`, `nick_name`, `mobile`, `recommend_user`, `province`, `city`, `create_date`, `modify_date`, `chinese_name`, `first_speak_date`) VALUES
('A-lin', NULL, NULL, NULL, '刘静妮', NULL, NULL, '2018-01-13 10:43:19', '2018-01-13 10:43:19', NULL, NULL),
('Aaron', NULL, NULL, NULL, '王旭洪', NULL, NULL, '2018-01-13 10:43:19', '2018-01-13 10:43:19', NULL, '2017-12-21 16:00:00'),
('Alice', NULL, NULL, NULL, '张静', NULL, NULL, '2018-01-13 10:43:19', '2018-01-13 10:43:19', NULL, '2017-12-20 16:00:00'),
('Alva', NULL, NULL, NULL, '馨月', NULL, NULL, '2018-01-13 10:43:19', '2018-01-13 10:43:19', NULL, '2017-12-26 16:00:00'),
('Anna', NULL, NULL, NULL, 'ojVEl0XuK00Wthcppktt5rVu-9DA', NULL, NULL, '2018-01-13 10:43:19', '2018-01-13 10:43:19', NULL, NULL),
('annie', NULL, NULL, NULL, '笑笑', NULL, NULL, '2018-01-13 10:43:19', '2018-01-13 10:43:19', NULL, '2017-12-27 16:00:00'),
('Bruce', NULL, NULL, NULL, '刘静妮', NULL, NULL, '2018-01-13 10:43:19', '2018-01-13 10:43:19', NULL, NULL),
('Charles', NULL, NULL, NULL, 'ojVEl0XuK00Wthcppktt5rVu-9DA', NULL, NULL, '2018-01-13 10:43:19', '2018-01-13 10:43:19', NULL, '2017-12-06 16:00:00'),
('Christine', NULL, NULL, NULL, 'ojVEl0XuK00Wthcppktt5rVu-9DA', NULL, NULL, '2018-01-13 10:43:19', '2018-01-13 10:43:19', NULL, '2017-12-11 16:00:00'),
('Claire', NULL, NULL, NULL, '刘静妮', NULL, NULL, '2018-01-13 10:43:19', '2018-01-13 10:43:19', NULL, '2017-12-10 16:00:00'),
('Eddie', NULL, NULL, NULL, 'ojVEl0XuK00Wthcppktt5rVu-9DA', NULL, NULL, '2018-01-13 10:43:19', '2018-01-13 10:43:19', NULL, NULL),
('Ethan', NULL, NULL, NULL, '张俊', NULL, NULL, '2018-01-13 10:43:19', '2018-01-13 10:43:19', NULL, NULL),
('Fangfang', NULL, NULL, NULL, 'Christine', NULL, NULL, '2018-01-13 10:43:19', '2018-01-13 10:43:19', NULL, NULL),
('Gino', NULL, NULL, NULL, '秀虹', NULL, NULL, '2018-01-13 10:43:19', '2018-01-13 10:43:19', NULL, '2017-12-26 16:00:00'),
('Jasson', NULL, NULL, NULL, '刘静妮', NULL, NULL, '2018-01-13 10:43:19', '2018-01-13 10:43:19', NULL, '2017-12-14 16:00:00'),
('Jim', NULL, NULL, NULL, 'ojVEl0XuK00Wthcppktt5rVu-9DA', NULL, NULL, '2018-01-13 10:43:19', '2018-01-13 10:43:19', NULL, NULL),
('Licky', NULL, NULL, NULL, 'ojVEl0XuK00Wthcppktt5rVu-9DA', NULL, NULL, '2018-01-13 10:43:19', '2018-01-13 10:43:19', NULL, '2017-01-06 16:00:00'),
('Lilian', NULL, NULL, NULL, 'ojVEl0XuK00Wthcppktt5rVu-9DA', NULL, NULL, '2018-01-13 10:43:19', '2018-01-13 10:43:19', NULL, '2017-12-07 16:00:00'),
('Lily', NULL, NULL, NULL, '刘静妮', NULL, NULL, '2018-01-13 10:43:19', '2018-01-13 10:43:19', NULL, '2018-01-06 16:00:00'),
('Lina', NULL, NULL, NULL, '王旭洪', NULL, NULL, '2018-01-13 10:43:19', '2018-01-13 10:43:19', NULL, NULL),
('Lindy', NULL, NULL, NULL, 'ojVEl0XuK00Wthcppktt5rVu-9DA', NULL, NULL, '2018-01-13 10:43:19', '2018-01-13 10:43:19', NULL, '2017-12-07 16:00:00'),
('NancyChen', NULL, NULL, NULL, '刘静妮', NULL, NULL, '2018-01-13 10:43:19', '2018-01-13 10:43:19', NULL, NULL),
('NancyHuang', NULL, NULL, NULL, 'ojVEl0XuK00Wthcppktt5rVu-9DA', NULL, NULL, '2018-01-13 10:43:19', '2018-01-13 10:43:19', NULL, NULL),
('Nelson', NULL, NULL, NULL, '笑笑', NULL, NULL, '2018-01-13 10:43:19', '2018-01-13 10:43:19', NULL, '2017-12-13 16:00:00'),
('Penny', NULL, NULL, NULL, 'ojVEl0XuK00Wthcppktt5rVu-9DA', NULL, NULL, '2018-01-13 10:43:19', '2018-01-13 10:43:19', NULL, NULL),
('Phyllis', NULL, NULL, NULL, '刘静妮', NULL, NULL, '2018-01-13 10:43:19', '2018-01-13 10:43:19', NULL, '2017-12-19 16:00:00'),
('Robert', NULL, NULL, NULL, 'ojVEl0XuK00Wthcppktt5rVu-9DA', NULL, NULL, '2018-01-13 10:43:19', '2018-01-13 10:43:19', NULL, '2017-12-10 16:00:00'),
('Shelley', NULL, NULL, NULL, 'ojVEl0XuK00Wthcppktt5rVu-9DA', NULL, NULL, '2018-01-13 10:43:19', '2018-01-13 10:43:19', NULL, NULL),
('Shirely', NULL, NULL, NULL, 'ojVEl0XuK00Wthcppktt5rVu-9DA', NULL, NULL, '2018-01-13 10:43:19', '2018-01-13 10:43:19', NULL, NULL),
('skly', NULL, NULL, NULL, '笑笑', NULL, NULL, '2018-01-13 10:43:19', '2018-01-13 10:43:19', NULL, NULL),
('Sophy', NULL, NULL, NULL, 'ojVEl0XuK00Wthcppktt5rVu-9DA', NULL, NULL, '2018-01-13 10:43:19', '2018-01-13 10:43:19', NULL, '2017-12-11 16:00:00'),
('Sue', NULL, NULL, NULL, '刘静妮', NULL, NULL, '2018-01-13 10:43:19', '2018-01-13 10:43:19', NULL, NULL),
('Tony', NULL, NULL, NULL, '刘静妮', NULL, NULL, '2018-01-13 10:43:19', '2018-01-13 10:43:19', NULL, NULL),
('William', NULL, NULL, NULL, '刘静妮', NULL, NULL, '2018-01-13 10:43:19', '2018-01-13 10:43:19', NULL, NULL),
('Winnie', NULL, NULL, NULL, 'ojVEl0XuK00Wthcppktt5rVu-9DA', NULL, NULL, '2018-01-13 10:43:19', '2018-01-13 10:43:19', NULL, '2017-12-09 16:00:00'),
('书香玉雅', NULL, NULL, NULL, '王旭洪', NULL, NULL, '2018-01-13 10:43:19', '2018-01-13 10:43:19', NULL, NULL),
('亚齐', NULL, NULL, NULL, 'ojVEl0XuK00Wthcppktt5rVu-9DA', NULL, NULL, '2018-01-13 10:43:19', '2018-01-13 10:43:19', NULL, '2017-12-09 16:00:00'),
('伍晓彬', NULL, NULL, NULL, '刘静妮', NULL, NULL, '2018-01-13 10:43:19', '2018-01-13 10:43:19', NULL, NULL),
('余梦文', NULL, NULL, NULL, '刘静妮', NULL, NULL, '2018-01-13 10:43:19', '2018-01-13 10:43:19', NULL, NULL),
('佩真', NULL, NULL, NULL, '刘静妮', NULL, NULL, '2018-01-13 10:43:19', '2018-01-13 10:43:19', NULL, '2017-12-27 16:00:00'),
('佳佳', NULL, NULL, NULL, 'Nelson', NULL, NULL, '2018-01-13 10:43:19', '2018-01-13 10:43:19', NULL, NULL),
('元宝', NULL, NULL, NULL, 'ojVEl0XuK00Wthcppktt5rVu-9DA', NULL, NULL, '2018-01-13 10:43:19', '2018-01-13 10:43:19', NULL, NULL),
('凉风', NULL, NULL, NULL, '熊艳', NULL, NULL, '2018-01-13 10:43:19', '2018-01-13 10:43:19', NULL, NULL),
('刘君', NULL, NULL, NULL, '张静', NULL, NULL, '2018-01-13 10:43:19', '2018-01-13 10:43:19', NULL, '2017-12-21 16:00:00'),
('刘烨', NULL, NULL, NULL, '刘静妮', NULL, NULL, '2018-01-13 10:43:19', '2018-01-13 10:43:19', NULL, NULL),
('刘育宾', NULL, NULL, NULL, '刘静妮', NULL, NULL, '2018-01-13 10:43:19', '2018-01-13 10:43:19', NULL, NULL),
('刘静妮', NULL, NULL, NULL, 'ojVEl0XuK00Wthcppktt5rVu-9DA', NULL, NULL, '2018-01-13 10:43:19', '2018-01-13 10:43:19', NULL, '2017-12-08 16:00:00'),
('卢淦光', NULL, NULL, NULL, 'Licky', NULL, NULL, '2018-01-13 10:43:19', '2018-01-13 10:43:19', NULL, NULL),
('启', NULL, NULL, NULL, '刘静妮', NULL, NULL, '2018-01-13 10:43:19', '2018-01-13 10:43:19', NULL, '2018-01-02 16:00:00'),
('吴小玲', NULL, NULL, NULL, 'ojVEl0XuK00Wthcppktt5rVu-9DA', NULL, NULL, '2018-01-13 10:43:19', '2018-01-13 10:43:19', NULL, '2017-12-06 16:00:00'),
('周英硕', NULL, NULL, NULL, 'ojVEl0XuK00Wthcppktt5rVu-9DA', NULL, NULL, '2018-01-13 10:43:19', '2018-01-13 10:43:19', NULL, '2017-12-20 16:00:00'),
('唐清清', NULL, NULL, NULL, '刘静妮', NULL, NULL, '2018-01-13 10:43:19', '2018-01-13 10:43:19', NULL, '2018-01-02 16:00:00'),
('大仁', NULL, NULL, NULL, '刘静妮', NULL, NULL, '2018-01-13 10:43:19', '2018-01-13 10:43:19', NULL, '2017-12-16 16:00:00'),
('孙娟', NULL, NULL, NULL, '熊艳', NULL, NULL, '2018-01-13 10:43:19', '2018-01-13 10:43:19', NULL, '2017-12-23 16:00:00'),
('学承', NULL, NULL, NULL, '王旭洪', NULL, NULL, '2018-01-13 10:43:19', '2018-01-13 10:43:19', NULL, '2017-12-28 16:00:00'),
('宪之', NULL, NULL, NULL, '洪开春', NULL, NULL, '2018-01-13 10:43:19', '2018-01-13 10:43:19', NULL, NULL),
('小T', NULL, NULL, NULL, '笑笑', NULL, NULL, '2018-01-13 10:43:19', '2018-01-13 10:43:19', NULL, NULL),
('小憨', NULL, NULL, NULL, '刘静妮', NULL, NULL, '2018-01-13 10:43:19', '2018-01-13 10:43:19', NULL, '2017-12-30 16:00:00'),
('小敏', NULL, NULL, NULL, '熊艳', NULL, NULL, '2018-01-13 10:43:19', '2018-01-13 10:43:19', NULL, '2017-12-23 16:00:00'),
('小豆芽', NULL, NULL, NULL, '张静', NULL, NULL, '2018-01-13 10:43:19', '2018-01-13 10:43:19', NULL, NULL),
('小颜', NULL, NULL, NULL, '张秋莲', NULL, NULL, '2018-01-13 10:43:19', '2018-01-13 10:43:19', NULL, NULL),
('岳', NULL, NULL, NULL, '张秋莲', NULL, NULL, '2018-01-13 10:43:19', '2018-01-13 10:43:19', NULL, NULL),
('廖敏', NULL, NULL, NULL, 'ojVEl0XuK00Wthcppktt5rVu-9DA', NULL, NULL, '2018-01-13 10:43:19', '2018-01-13 10:43:19', NULL, NULL),
('张俊', NULL, NULL, NULL, '刘静妮', NULL, NULL, '2018-01-13 10:43:19', '2018-01-13 10:43:19', NULL, '2017-12-22 16:00:00'),
('张文芳', NULL, NULL, NULL, 'ojVEl0XuK00Wthcppktt5rVu-9DA', NULL, NULL, '2018-01-13 10:43:19', '2018-01-13 10:43:19', NULL, NULL),
('张泽鹏', NULL, NULL, NULL, '张静', NULL, NULL, '2018-01-13 10:43:19', '2018-01-13 10:43:19', NULL, NULL),
('张秋莲', NULL, NULL, NULL, '刘静妮', NULL, NULL, '2018-01-13 10:43:19', '2018-01-13 10:43:19', NULL, '2018-01-11 16:00:00'),
('张静', NULL, NULL, NULL, 'ojVEl0XuK00Wthcppktt5rVu-9DA', NULL, NULL, '2018-01-13 10:43:19', '2018-01-13 10:43:19', NULL, '2017-12-08 16:00:00'),
('彩华', NULL, NULL, NULL, 'ojVEl0XuK00Wthcppktt5rVu-9DA', NULL, NULL, '2018-01-13 10:43:19', '2018-01-13 10:43:19', NULL, NULL),
('彭凯琴', NULL, NULL, NULL, '刘静妮', NULL, NULL, '2018-01-13 10:43:19', '2018-01-13 10:43:19', NULL, NULL),
('彭利新', NULL, NULL, NULL, '秀虹', NULL, NULL, '2018-01-13 10:43:19', '2018-01-13 10:43:19', NULL, '2018-01-05 16:00:00'),
('彭思民', NULL, NULL, NULL, '刘静妮', NULL, NULL, '2018-01-13 10:43:19', '2018-01-13 10:43:19', NULL, '2017-12-17 16:00:00'),
('思闻', NULL, NULL, NULL, '馨月', NULL, NULL, '2018-01-13 10:43:19', '2018-01-13 10:43:19', NULL, '2018-01-10 16:00:00'),
('想想', NULL, NULL, NULL, '张静', NULL, NULL, '2018-01-13 10:43:19', '2018-01-13 10:43:19', NULL, NULL),
('敏敏', NULL, NULL, NULL, '笑笑', NULL, NULL, '2018-01-13 10:43:19', '2018-01-13 10:43:19', NULL, NULL),
('文静', NULL, NULL, NULL, 'ojVEl0XuK00Wthcppktt5rVu-9DA', NULL, NULL, '2018-01-13 10:43:19', '2018-01-13 10:43:19', NULL, NULL),
('明霞', NULL, NULL, NULL, '闫小菁', NULL, NULL, '2018-01-13 10:43:19', '2018-01-13 10:43:19', NULL, '2018-01-06 16:00:00'),
('月读', NULL, NULL, NULL, '刘静妮', NULL, NULL, '2018-01-13 10:43:19', '2018-01-13 10:43:19', NULL, '2017-12-27 16:00:00'),
('朱鸿', NULL, NULL, NULL, '笑笑', NULL, NULL, '2018-01-13 10:43:19', '2018-01-13 10:43:19', NULL, NULL),
('李一', NULL, NULL, NULL, '张秋莲', NULL, NULL, '2018-01-13 10:43:19', '2018-01-13 10:43:19', NULL, NULL),
('李东耀', NULL, NULL, NULL, '秀虹', NULL, NULL, '2018-01-13 10:43:19', '2018-01-13 10:43:19', NULL, '2017-12-21 16:00:00'),
('李春慧', NULL, NULL, NULL, 'Jams', NULL, NULL, '2018-01-13 10:43:19', '2018-01-13 10:43:19', NULL, NULL),
('李春阳', NULL, NULL, NULL, 'ojVEl0XuK00Wthcppktt5rVu-9DA', NULL, NULL, '2018-01-13 10:43:19', '2018-01-13 10:43:19', NULL, NULL),
('李昱', NULL, NULL, NULL, 'ojVEl0XuK00Wthcppktt5rVu-9DA', NULL, NULL, '2018-01-13 10:43:19', '2018-01-13 10:43:19', NULL, '2017-12-13 16:00:00'),
('李梦华', NULL, NULL, NULL, '馨月', NULL, NULL, '2018-01-13 10:43:19', '2018-01-13 10:43:19', NULL, NULL),
('李瑞蒙', NULL, NULL, NULL, '刘静妮', NULL, NULL, '2018-01-13 10:43:19', '2018-01-13 10:43:19', NULL, '2018-01-09 16:00:00'),
('李莉', NULL, NULL, NULL, 'ojVEl0XuK00Wthcppktt5rVu-9DA', NULL, NULL, '2018-01-13 10:43:19', '2018-01-13 10:43:19', NULL, NULL),
('杏仁儿', NULL, NULL, NULL, '秀虹', NULL, NULL, '2018-01-13 10:43:19', '2018-01-13 10:43:19', NULL, NULL),
('杨佩如', NULL, NULL, NULL, '刘静妮', NULL, NULL, '2018-01-13 10:43:19', '2018-01-13 10:43:19', NULL, NULL),
('杨威', NULL, NULL, NULL, 'ojVEl0XuK00Wthcppktt5rVu-9DA', NULL, NULL, '2018-01-13 10:43:19', '2018-01-13 10:43:19', NULL, '2018-01-01 16:00:00'),
('杨志强', NULL, NULL, NULL, 'ojVEl0XuK00Wthcppktt5rVu-9DA', NULL, NULL, '2018-01-13 10:43:19', '2018-01-13 10:43:19', NULL, '2017-12-06 16:00:00'),
('林静影', NULL, NULL, NULL, '张秋莲', NULL, NULL, '2018-01-13 10:43:19', '2018-01-13 10:43:19', NULL, NULL),
('桃花岛主', NULL, NULL, NULL, 'ojVEl0XuK00Wthcppktt5rVu-9DA', NULL, NULL, '2018-01-13 10:43:19', '2018-01-13 10:43:19', NULL, NULL),
('梁文慧', NULL, NULL, NULL, '刘静妮', NULL, NULL, '2018-01-13 10:43:19', '2018-01-13 10:43:19', NULL, '2017-12-21 16:00:00'),
('梁蚊仔', NULL, NULL, NULL, '刘静妮', NULL, NULL, '2018-01-13 10:43:19', '2018-01-13 10:43:19', NULL, NULL),
('樊瑞瑞', NULL, NULL, NULL, 'ojVEl0XuK00Wthcppktt5rVu-9DA', NULL, NULL, '2018-01-13 10:43:19', '2018-01-13 10:43:19', NULL, '2017-12-12 16:00:00'),
('歌可赫', NULL, NULL, NULL, 'ojVEl0XuK00Wthcppktt5rVu-9DA', NULL, NULL, '2018-01-13 10:43:19', '2018-01-13 10:43:19', NULL, NULL),
('氪金非酋', NULL, NULL, NULL, '笑笑', NULL, NULL, '2018-01-13 10:43:19', '2018-01-13 10:43:19', NULL, NULL),
('水九齐', NULL, NULL, NULL, 'Licky', NULL, NULL, '2018-01-13 10:43:19', '2018-01-13 10:43:19', NULL, NULL),
('洪开春', NULL, NULL, NULL, '王旭洪', NULL, NULL, '2018-01-13 10:43:19', '2018-01-13 10:43:19', NULL, '2017-12-25 16:00:00'),
('浩浩', NULL, NULL, NULL, 'ojVEl0XuK00Wthcppktt5rVu-9DA', NULL, NULL, '2018-01-13 10:43:19', '2018-01-13 10:43:19', NULL, '2017-12-07 16:00:00'),
('海玲', NULL, NULL, NULL, 'ojVEl0XuK00Wthcppktt5rVu-9DA', NULL, NULL, '2018-01-13 10:43:19', '2018-01-13 10:43:19', NULL, NULL),
('渠承', NULL, NULL, NULL, 'ojVEl0XuK00Wthcppktt5rVu-9DA', NULL, NULL, '2018-01-13 10:43:19', '2018-01-13 10:43:19', NULL, NULL),
('温军军', NULL, NULL, NULL, '秀虹', NULL, NULL, '2018-01-13 10:43:19', '2018-01-13 10:43:19', NULL, '2018-01-06 16:00:00'),
('火火', NULL, NULL, NULL, '刘静妮', NULL, NULL, '2018-01-13 10:43:19', '2018-01-13 10:43:19', NULL, NULL),
('焕森', NULL, NULL, NULL, '刘静妮', NULL, NULL, '2018-01-13 10:43:19', '2018-01-13 10:43:19', NULL, NULL),
('熊艳', NULL, NULL, NULL, 'ojVEl0XuK00Wthcppktt5rVu-9DA', NULL, NULL, '2018-01-13 10:43:19', '2018-01-13 10:43:19', NULL, '2017-12-09 16:00:00'),
('王丹凤', NULL, NULL, NULL, 'ojVEl0XuK00Wthcppktt5rVu-9DA', NULL, NULL, '2018-01-13 10:43:19', '2018-01-13 10:43:19', NULL, '2017-12-15 16:00:00'),
('王亚雄', NULL, NULL, NULL, '王旭洪', NULL, NULL, '2018-01-13 10:43:19', '2018-01-13 10:43:19', NULL, '2017-12-25 16:00:00'),
('王向林', NULL, NULL, NULL, 'ojVEl0XuK00Wthcppktt5rVu-9DA', NULL, NULL, '2018-01-13 10:43:19', '2018-01-13 10:43:19', NULL, '2018-01-02 16:00:00'),
('王宝林', NULL, NULL, NULL, '刘静妮', NULL, NULL, '2018-01-13 10:43:19', '2018-01-13 10:43:19', NULL, '2017-12-19 16:00:00'),
('王旭洪', NULL, NULL, NULL, '张静', NULL, NULL, '2018-01-13 10:43:19', '2018-01-13 10:43:19', NULL, '2017-12-06 16:00:00'),
('王晗旭', NULL, NULL, NULL, 'Licky', NULL, NULL, '2018-01-13 10:43:19', '2018-01-13 10:43:19', NULL, '2018-01-03 16:00:00'),
('王英', NULL, NULL, NULL, '刘静妮', NULL, NULL, '2018-01-13 10:43:19', '2018-01-13 10:43:19', NULL, '2017-12-28 16:00:00'),
('琳兒', NULL, NULL, NULL, '王宝林', NULL, NULL, '2018-01-13 10:43:19', '2018-01-13 10:43:19', NULL, NULL),
('秀勤', NULL, NULL, NULL, '秀虹', NULL, NULL, '2018-01-13 10:43:19', '2018-01-13 10:43:19', NULL, '2017-12-16 16:00:00'),
('秀虹', NULL, NULL, NULL, 'ojVEl0XuK00Wthcppktt5rVu-9DA', NULL, NULL, '2018-01-13 10:43:19', '2018-01-13 10:43:19', NULL, NULL),
('秋阳', NULL, NULL, NULL, '刘静妮', NULL, NULL, '2018-01-13 10:43:19', '2018-01-13 10:43:19', NULL, '2017-12-16 16:00:00'),
('程英', NULL, NULL, NULL, '王旭洪', NULL, NULL, '2018-01-13 10:43:19', '2018-01-13 10:43:19', NULL, '2017-12-21 16:00:00'),
('穆丹丹', NULL, NULL, NULL, 'ojVEl0XuK00Wthcppktt5rVu-9DA', NULL, NULL, '2018-01-13 10:43:19', '2018-01-13 10:43:19', NULL, '2017-12-23 16:00:00'),
('笑笑', NULL, NULL, NULL, 'ojVEl0XuK00Wthcppktt5rVu-9DA', NULL, NULL, '2018-01-13 10:43:19', '2018-01-13 10:43:19', NULL, '2017-12-08 16:00:00'),
('罗友成', NULL, NULL, NULL, 'ojVEl0XuK00Wthcppktt5rVu-9DA', NULL, NULL, '2018-01-13 10:43:19', '2018-01-13 10:43:19', NULL, NULL),
('美俄', NULL, NULL, NULL, '刘静妮', NULL, NULL, '2018-01-13 10:43:19', '2018-01-13 10:43:19', NULL, '2017-12-27 16:00:00'),
('肖桂林', NULL, NULL, NULL, '刘静妮', NULL, NULL, '2018-01-13 10:43:19', '2018-01-13 10:43:19', NULL, '2018-01-07 16:00:00'),
('胡一刀', NULL, NULL, NULL, '刘静妮', NULL, NULL, '2018-01-13 10:43:19', '2018-01-13 10:43:19', NULL, '2018-01-06 16:00:00'),
('腾东', NULL, NULL, NULL, '刘静妮', NULL, NULL, '2018-01-13 10:43:19', '2018-01-13 10:43:19', NULL, '2017-12-30 16:00:00'),
('舒芮', NULL, NULL, NULL, '王宝林', NULL, NULL, '2018-01-13 10:43:19', '2018-01-13 10:43:19', NULL, NULL),
('良良', NULL, NULL, NULL, '刘静妮', NULL, NULL, '2018-01-13 10:43:19', '2018-01-13 10:43:19', NULL, NULL),
('薇儿', NULL, NULL, NULL, 'ojVEl0XuK00Wthcppktt5rVu-9DA', NULL, NULL, '2018-01-13 10:43:19', '2018-01-13 10:43:19', NULL, NULL),
('谢宜峰', NULL, NULL, NULL, '刘静妮', NULL, NULL, '2018-01-13 10:43:19', '2018-01-13 10:43:19', NULL, NULL),
('谢林燕', NULL, NULL, NULL, 'ojVEl0XuK00Wthcppktt5rVu-9DA', NULL, NULL, '2018-01-13 10:43:19', '2018-01-13 10:43:19', NULL, '2017-12-10 16:00:00'),
('谢青香', NULL, NULL, NULL, '王旭洪', NULL, NULL, '2018-01-13 10:43:19', '2018-01-13 10:43:19', NULL, '2017-12-25 16:00:00'),
('赵旋', NULL, NULL, NULL, '刘静妮', NULL, NULL, '2018-01-13 10:43:19', '2018-01-13 10:43:19', NULL, NULL),
('赵景煜', NULL, NULL, NULL, '秀虹', NULL, NULL, '2018-01-13 10:43:19', '2018-01-13 10:43:19', NULL, NULL),
('超哥仔', NULL, NULL, NULL, '秀虹', NULL, NULL, '2018-01-13 10:43:19', '2018-01-13 10:43:19', NULL, NULL),
('辉姑娘', NULL, NULL, NULL, 'ojVEl0XuK00Wthcppktt5rVu-9DA', NULL, NULL, '2018-01-13 10:43:19', '2018-01-13 10:43:19', NULL, NULL),
('邵涛', NULL, NULL, NULL, '佩真', NULL, NULL, '2018-01-13 10:43:19', '2018-01-13 10:43:19', NULL, '2018-01-09 16:00:00'),
('邹膨鲜', NULL, NULL, NULL, 'ojVEl0XuK00Wthcppktt5rVu-9DA', NULL, NULL, '2018-01-13 10:43:19', '2018-01-13 10:43:19', NULL, NULL),
('郑洁', NULL, NULL, NULL, '刘静妮', NULL, NULL, '2018-01-13 10:43:19', '2018-01-13 10:43:19', NULL, '2017-12-22 16:00:00'),
('郝胜红', NULL, NULL, NULL, '张静', NULL, NULL, '2018-01-13 10:43:19', '2018-01-13 10:43:19', NULL, NULL),
('金灵', NULL, NULL, NULL, '刘静妮', NULL, NULL, '2018-01-13 10:43:19', '2018-01-13 10:43:19', NULL, NULL),
('长胜', NULL, NULL, NULL, '秀虹', NULL, NULL, '2018-01-13 10:43:19', '2018-01-13 10:43:19', NULL, NULL),
('阎小菁', NULL, NULL, NULL, 'ojVEl0XuK00Wthcppktt5rVu-9DA', NULL, NULL, '2018-01-13 10:43:19', '2018-01-13 10:43:19', NULL, '2017-12-15 16:00:00'),
('阿哲', NULL, NULL, NULL, '刘静妮', NULL, NULL, '2018-01-13 10:43:19', '2018-01-13 10:43:19', NULL, NULL),
('陈斯', NULL, NULL, NULL, 'ojVEl0XuK00Wthcppktt5rVu-9DA', NULL, NULL, '2018-01-13 10:43:19', '2018-01-13 10:43:19', NULL, '2017-12-20 16:00:00'),
('陈棣', NULL, NULL, NULL, '笑笑', NULL, NULL, '2018-01-13 10:43:19', '2018-01-13 10:43:19', NULL, NULL),
('雪敏', NULL, NULL, NULL, '黄晓婷', NULL, NULL, '2018-01-13 10:43:19', '2018-01-13 10:43:19', NULL, NULL),
('雷彬彬', NULL, NULL, NULL, '明霞', NULL, NULL, '2018-01-13 10:43:19', '2018-01-13 10:43:19', NULL, NULL),
('静川', NULL, NULL, NULL, 'Charles', NULL, NULL, '2018-01-13 10:43:19', '2018-01-13 10:43:19', NULL, '2018-01-07 16:00:00'),
('韩建军', NULL, NULL, NULL, 'ojVEl0XuK00Wthcppktt5rVu-9DA', NULL, NULL, '2018-01-13 10:43:19', '2018-01-13 10:43:19', NULL, '2018-01-09 16:00:00'),
('颜真', NULL, NULL, NULL, '秀虹', NULL, NULL, '2018-01-13 10:43:19', '2018-01-13 10:43:19', NULL, NULL),
('香兰', NULL, NULL, NULL, '刘静妮', NULL, NULL, '2018-01-13 10:43:19', '2018-01-13 10:43:19', NULL, NULL),
('馨月', NULL, NULL, NULL, 'ojVEl0XuK00Wthcppktt5rVu-9DA', NULL, NULL, '2018-01-13 10:43:19', '2018-01-13 10:43:19', NULL, '2017-12-08 16:00:00'),
('鸿梅', NULL, NULL, NULL, '秀虹', NULL, NULL, '2018-01-13 10:43:19', '2018-01-13 10:43:19', NULL, NULL),
('黄光紫', NULL, NULL, NULL, 'Charles', NULL, NULL, '2018-01-13 10:43:19', '2018-01-13 10:43:19', NULL, '2017-12-22 16:00:00'),
('黄右杰', NULL, NULL, NULL, '刘静妮', NULL, NULL, '2018-01-13 10:43:19', '2018-01-13 10:43:19', NULL, '2017-12-23 16:00:00'),
('黄晓婷', NULL, NULL, NULL, '刘静妮', NULL, NULL, '2018-01-13 10:43:19', '2018-01-13 10:43:19', NULL, '2017-12-23 16:00:00');

-- --------------------------------------------------------

--
-- 表的结构 `user_score_detail`
--

CREATE TABLE `user_score_detail` (
  `user_id` varchar(30) NOT NULL COMMENT '用户ID',
  `meeting_date` varchar(8) DEFAULT NULL COMMENT '会议日期',
  `meeting_time` int(4) NOT NULL DEFAULT '21' COMMENT '会议场次',
  `score_type` int(1) NOT NULL COMMENT '积分类型（1、参会；2、演讲获奖；3、点评获奖；4,、主持；5、复盘）',
  `create_date` timestamp NOT NULL DEFAULT CURRENT_TIMESTAMP ON UPDATE CURRENT_TIMESTAMP COMMENT '创建时间'
) ENGINE=InnoDB DEFAULT CHARSET=utf8 COMMENT='积分明细表';

--
-- 转存表中的数据 `user_score_detail`
--

INSERT INTO `user_score_detail` (`user_id`, `meeting_date`, `meeting_time`, `score_type`, `create_date`) VALUES
('Claire', '20171228', 21, 3, '2018-01-28 13:04:05'),
('陈斯', '20171221', 21, 1, '2018-01-28 13:04:05'),
('陈斯', '20171221', 21, 5, '2018-01-28 13:04:05'),
('陈斯', '20171221', 21, 2, '2018-01-28 13:04:05'),
('孙娟', '20171224', 21, 1, '2018-01-28 13:04:05'),
('Aaron', '20171222', 21, 1, '2018-01-28 13:04:05'),
('Aaron', '20171223', 21, 1, '2018-01-28 13:04:05'),
('Aaron', '20171224', 21, 1, '2018-01-28 13:04:05'),
('Aaron', '20171224', 21, 5, '2018-01-28 13:04:05'),
('Aaron', '20171224', 21, 3, '2018-01-28 13:04:05'),
('Alice', '20171221', 21, 1, '2018-01-28 13:04:05'),
('Alice', '20171221', 21, 5, '2018-01-28 13:04:05'),
('Alice', '20171225', 21, 1, '2018-01-28 13:04:05'),
('Alva', '20180101', 21, 1, '2018-01-28 13:04:05'),
('Alva', '20180101', 21, 5, '2018-01-28 13:04:05'),
('Alva', '20180104', 21, 1, '2018-01-28 13:04:05'),
('Alva', '20171227', 21, 1, '2018-01-28 13:04:05'),
('Alva', '20180107', 21, 1, '2018-01-28 13:04:05'),
('Alva', '20180107', 21, 4, '2018-01-28 13:04:05'),
('Alva', '20171227', 21, 2, '2018-01-28 13:04:05'),
('Alva', '20180107', 21, 5, '2018-01-28 13:04:05'),
('Alva', '20171230', 21, 1, '2018-01-28 13:04:05'),
('Alva', '20171231', 21, 1, '2018-01-28 13:04:05'),
('Alva', '20171231', 21, 3, '2018-01-28 13:04:05'),
('Annie', '20180105', 21, 1, '2018-01-28 13:04:05'),
('Annie', '20180105', 21, 2, '2018-01-28 13:04:05'),
('Annie', '20171228', 21, 2, '2018-01-28 13:04:05'),
('Annie', '20180106', 21, 1, '2018-01-28 13:04:05'),
('Annie', '20180101', 21, 1, '2018-01-28 13:04:05'),
('Annie', '20171228', 21, 1, '2018-01-28 13:04:05'),
('Charles', '20171207', 21, 1, '2018-01-28 13:04:05'),
('Charles', '20171207', 21, 2, '2018-01-28 13:04:05'),
('Charles', '20171208', 21, 1, '2018-01-28 13:04:05'),
('Charles', '20171208', 21, 4, '2018-01-28 13:04:05'),
('Charles', '20171211', 21, 1, '2018-01-28 13:04:05'),
('Charles', '20171211', 21, 4, '2018-01-28 13:04:05'),
('Charles', '20171211', 21, 2, '2018-01-28 13:04:05'),
('Charles', '20171212', 21, 1, '2018-01-28 13:04:05'),
('Charles', '20171212', 21, 2, '2018-01-28 13:04:05'),
('Charles', '20171216', 21, 1, '2018-01-28 13:04:05'),
('Charles', '20171216', 21, 5, '2018-01-28 13:04:05'),
('Charles', '20171216', 21, 4, '2018-01-28 13:04:05'),
('Charles', '20171216', 21, 2, '2018-01-28 13:04:05'),
('Charles', '20171217', 21, 1, '2018-01-28 13:04:05'),
('Charles', '20171217', 21, 5, '2018-01-28 13:04:05'),
('Charles', '20171217', 21, 2, '2018-01-28 13:04:05'),
('Charles', '20171218', 21, 1, '2018-01-28 13:04:05'),
('Charles', '20171219', 21, 1, '2018-01-28 13:04:05'),
('Charles', '20171222', 21, 1, '2018-01-28 13:04:05'),
('Charles', '20171223', 21, 1, '2018-01-28 13:04:05'),
('Charles', '20171223', 21, 5, '2018-01-28 13:04:05'),
('Charles', '20171223', 21, 4, '2018-01-28 13:04:05'),
('Charles', '20171224', 21, 1, '2018-01-28 13:04:05'),
('Charles', '20171224', 21, 2, '2018-01-28 13:04:05'),
('Charles', '20171225', 21, 1, '2018-01-28 13:04:05'),
('Charles', '20171228', 21, 1, '2018-01-28 13:04:05'),
('Charles', '20171228', 21, 5, '2018-01-28 13:04:05'),
('Charles', '20171229', 21, 1, '2018-01-28 13:04:05'),
('Charles', '20171229', 21, 3, '2018-01-28 13:04:05'),
('Charles', '20171231', 21, 1, '2018-01-28 13:04:05'),
('Charles', '20180104', 21, 2, '2018-01-28 13:04:05'),
('Charles', '20180104', 21, 1, '2018-01-28 13:04:05'),
('Charles', '20180104', 21, 1, '2018-01-28 13:04:05'),
('Charles', '20180104', 21, 4, '2018-01-28 13:04:05'),
('Charles', '20180105', 21, 1, '2018-01-28 13:04:05'),
('Charles', '20180105', 21, 1, '2018-01-28 13:04:05'),
('Charles', '20180105', 21, 4, '2018-01-28 13:04:05'),
('Christine', '20171212', 21, 1, '2018-01-28 13:04:05'),
('Christine', '20171212', 21, 5, '2018-01-28 13:04:05'),
('Christine', '20171213', 21, 1, '2018-01-28 13:04:05'),
('Christine', '20171221', 21, 5, '2018-01-28 13:04:05'),
('Christine', '20171226', 21, 1, '2018-01-28 13:04:05'),
('Christine', '20171226', 21, 2, '2018-01-28 13:04:05'),
('Christine', '20171221', 21, 1, '2018-01-28 13:04:05'),
('Claire', '20171228', 21, 1, '2018-01-28 13:04:05'),
('Claire', '20171229', 21, 1, '2018-01-28 13:04:05'),
('Doris', '20180104', 21, 1, '2018-01-28 13:04:05'),
('熊艳', '20180104', 21, 1, '2018-01-28 13:04:05'),
('熊艳', '20180104', 21, 3, '2018-01-28 13:04:05'),
('熊艳', '20171225', 21, 1, '2018-01-28 13:04:05'),
('Gina', '20180104', 21, 1, '2018-01-28 13:04:05'),
('Gina', '20180104', 21, 2, '2018-01-28 13:04:05'),
('Gina', '20171231', 21, 1, '2018-01-28 13:04:05'),
('Gino', '20171227', 21, 1, '2018-01-28 13:04:05'),
('Gino', '20171227', 21, 3, '2018-01-28 13:04:05'),
('Gino', '20171227', 21, 2, '2018-01-28 13:04:05'),
('大仁', '20171217', 21, 1, '2018-01-28 13:04:05'),
('Jasson', '20171217', 21, 1, '2018-01-28 13:04:05'),
('Jasson', '20171224', 21, 1, '2018-01-28 13:04:05'),
('Jasson', '20180106', 21, 1, '2018-01-28 13:04:05'),
('Jasson', '20180107', 21, 1, '2018-01-28 13:04:05'),
('刘静妮', '20180103', 21, 1, '2018-01-28 13:04:05'),
('刘静妮', '20180103', 21, 4, '2018-01-28 13:04:05'),
('JimHuang', '20171211', 21, 1, '2018-01-28 13:04:05'),
('JimHuang', '20171221', 21, 1, '2018-01-28 13:04:05'),
('Licky', '20171207', 21, 1, '2018-01-28 13:04:05'),
('Licky', '20171207', 21, 4, '2018-01-28 13:04:05'),
('Licky', '20171211', 21, 1, '2018-01-28 13:04:05'),
('Licky', '20171211', 21, 3, '2018-01-28 13:04:05'),
('Licky', '20171212', 21, 1, '2018-01-28 13:04:05'),
('Licky', '20171214', 21, 1, '2018-01-28 13:04:05'),
('Licky', '20171214', 21, 4, '2018-01-28 13:04:05'),
('Licky', '20171214', 21, 3, '2018-01-28 13:04:05'),
('Licky', '20171215', 21, 1, '2018-01-28 13:04:05'),
('Licky', '20171215', 21, 2, '2018-01-28 13:04:05'),
('Licky', '20171218', 21, 1, '2018-01-28 13:04:05'),
('Licky', '20171218', 21, 4, '2018-01-28 13:04:05'),
('Licky', '20171221', 21, 1, '2018-01-28 13:04:05'),
('Licky', '20171221', 21, 4, '2018-01-28 13:04:05'),
('Licky', '20171221', 21, 3, '2018-01-28 13:04:05'),
('Licky', '20180104', 21, 1, '2018-01-28 13:04:05'),
('Licky', '20180104', 21, 5, '2018-01-28 13:04:05'),
('Licky', '20180104', 21, 4, '2018-01-28 13:04:05'),
('Licky', '20180104', 21, 2, '2018-01-28 13:04:05'),
('Lilian', '20171208', 21, 1, '2018-01-28 13:04:05'),
('Lilian', '20171216', 21, 1, '2018-01-28 13:04:05'),
('Lilian', '20171216', 21, 5, '2018-01-28 13:04:05'),
('Lilian', '20171216', 21, 3, '2018-01-28 13:04:05'),
('Lily', '20180107', 21, 1, '2018-01-28 13:04:05'),
('LilyWu', '20180102', 21, 1, '2018-01-28 13:04:05'),
('Lindy', '20171208', 21, 1, '2018-01-28 13:04:05'),
('Lindy', '20171211', 21, 1, '2018-01-28 13:04:05'),
('Lindy', '20171211', 21, 5, '2018-01-28 13:04:05'),
('Lindy', '20171211', 21, 4, '2018-01-28 13:04:05'),
('Lindy', '20171212', 21, 1, '2018-01-28 13:04:05'),
('Lindy', '20171212', 21, 5, '2018-01-28 13:04:05'),
('Lindy', '20171212', 21, 4, '2018-01-28 13:04:05'),
('Lindy', '20171215', 21, 1, '2018-01-28 13:04:05'),
('Lindy', '20171215', 21, 3, '2018-01-28 13:04:05'),
('Lindy', '20171216', 21, 1, '2018-01-28 13:04:05'),
('Lindy', '20171219', 21, 1, '2018-01-28 13:04:05'),
('Lindy', '20171219', 21, 4, '2018-01-28 13:04:05'),
('Lindy', '20171223', 21, 1, '2018-01-28 13:04:05'),
('Lindy', '20171223', 21, 3, '2018-01-28 13:04:05'),
('Lindy', '20171225', 21, 1, '2018-01-28 13:04:05'),
('Lindy', '20171226', 21, 1, '2018-01-28 13:04:05'),
('Lindy', '20171226', 21, 3, '2018-01-28 13:04:05'),
('Lindy', '20171228', 21, 1, '2018-01-28 13:04:05'),
('Lindy', '20180104', 21, 1, '2018-01-28 13:04:05'),
('Lindy', '20171225', 21, 4, '2018-01-28 13:04:05'),
('Lindy', '20171226', 21, 4, '2018-01-28 13:04:05'),
('Lindy', '20180104', 21, 3, '2018-01-28 13:04:05'),
('王旭洪', '20180104', 21, 1, '2018-01-28 13:04:05'),
('Nancy', '20180103', 21, 1, '2018-01-28 13:04:05'),
('Nancy', '20180107', 21, 1, '2018-01-28 13:04:05'),
('Nelson', '20171214', 21, 1, '2018-01-28 13:04:05'),
('Nelson', '20171215', 21, 1, '2018-01-28 13:04:05'),
('Nelson', '20171215', 21, 3, '2018-01-28 13:04:05'),
('Nelson', '20171216', 21, 1, '2018-01-28 13:04:05'),
('Nelson', '20171216', 21, 4, '2018-01-28 13:04:05'),
('Nelson', '20171216', 21, 2, '2018-01-28 13:04:05'),
('Nelson', '20171218', 21, 1, '2018-01-28 13:04:05'),
('Nelson', '20171218', 21, 3, '2018-01-28 13:04:05'),
('Nelson', '20171218', 21, 2, '2018-01-28 13:04:05'),
('Nelson', '20171219', 21, 1, '2018-01-28 13:04:05'),
('Nelson', '20171219', 21, 3, '2018-01-28 13:04:05'),
('Nelson', '20171220', 21, 1, '2018-01-28 13:04:05'),
('Nelson', '20171220', 21, 3, '2018-01-28 13:04:05'),
('Nelson', '20171223', 21, 1, '2018-01-28 13:04:05'),
('Nelson', '20171223', 21, 2, '2018-01-28 13:04:05'),
('Nelson', '20171228', 21, 1, '2018-01-28 13:04:05'),
('Nelson', '20171228', 21, 2, '2018-01-28 13:04:05'),
('Nelson', '20171228', 21, 3, '2018-01-28 13:04:05'),
('Nelson', '20180101', 21, 2, '2018-01-28 13:04:05'),
('Nelson', '20180105', 21, 1, '2018-01-28 13:04:05'),
('Nelson', '20180105', 21, 3, '2018-01-28 13:04:05'),
('Nelson', '20180105', 21, 2, '2018-01-28 13:04:05'),
('Nelson', '20180101', 21, 1, '2018-01-28 13:04:05'),
('腾东', '20180104', 21, 1, '2018-01-28 13:04:05'),
('腾东', '20171231', 21, 1, '2018-01-28 13:04:05'),
('腾东', '20171231', 21, 5, '2018-01-28 13:04:05'),
('Phyllis', '20171220', 21, 1, '2018-01-28 13:04:05'),
('Phyllis', '20171220', 21, 5, '2018-01-28 13:04:05'),
('Phyllis', '20171220', 21, 2, '2018-01-28 13:04:05'),
('Robert', '20171211', 21, 1, '2018-01-28 13:04:05'),
('Robert', '20171218', 21, 1, '2018-01-28 13:04:05'),
('Sophy', '20171213', 21, 1, '2018-01-28 13:04:05'),
('Sophy', '20171214', 21, 1, '2018-01-28 13:04:05'),
('Sophy', '20171219', 21, 1, '2018-01-28 13:04:05'),
('Sophy', '20171220', 21, 1, '2018-01-28 13:04:05'),
('Sophy', '20171220', 21, 5, '2018-01-28 13:04:05'),
('Sophy', '20171227', 21, 1, '2018-01-28 13:04:05'),
('Sue2', '20180103', 21, 1, '2018-01-28 13:04:05'),
('Trena丹丹', '20180103', 21, 1, '2018-01-28 13:04:05'),
('Winnie', '20171210', 21, 1, '2018-01-28 13:04:05'),
('王宝林', '20171220', 21, 1, '2018-01-28 13:04:05'),
('王宝林', '20171224', 21, 1, '2018-01-28 13:04:05'),
('王宝林', '20180107', 21, 1, '2018-01-28 13:04:05'),
('陈辉', '20171212', 21, 1, '2018-01-28 13:04:05'),
('陈辉', '20171219', 21, 1, '2018-01-28 13:04:05'),
('陈辉', '20171222', 21, 1, '2018-01-28 13:04:05'),
('程英', '20171222', 21, 1, '2018-01-28 13:04:05'),
('程英', '20171229', 21, 1, '2018-01-28 13:04:05'),
('程英', '20171229', 21, 2, '2018-01-28 13:04:05'),
('大海', '20180104', 21, 1, '2018-01-28 13:04:05'),
('大仁', '20171217', 21, 5, '2018-01-28 13:04:05'),
('戴冰', '20171223', 21, 1, '2018-01-28 13:04:05'),
('戴冰', '20171223', 21, 2, '2018-01-28 13:04:05'),
('穆丹丹', '20180107', 21, 1, '2018-01-28 13:04:05'),
('穆丹丹', '20180107', 21, 2, '2018-01-28 13:04:05'),
('穆丹丹', '20171224', 21, 1, '2018-01-28 13:04:05'),
('穆丹丹', '20171224', 21, 2, '2018-01-28 13:04:05'),
('王丹凤', '20171216', 21, 1, '2018-01-28 13:04:05'),
('王丹凤', '20171216', 21, 5, '2018-01-28 13:04:05'),
('樊瑞瑞', '20171213', 21, 1, '2018-01-28 13:04:05'),
('樊瑞瑞', '20171223', 21, 1, '2018-01-28 13:04:05'),
('樊瑞瑞', '20171223', 21, 5, '2018-01-28 13:04:05'),
('淦光', '20171207', 21, 1, '2018-01-28 13:04:05'),
('淦光', '20171208', 21, 1, '2018-01-28 13:04:05'),
('淦光', '20171214', 21, 1, '2018-01-28 13:04:05'),
('郜丽芹', '20171223', 21, 1, '2018-01-28 13:04:05'),
('郝春娟', '20171223', 21, 1, '2018-01-28 13:04:05'),
('浩浩', '20171208', 21, 1, '2018-01-28 13:04:05'),
('浩浩', '20171208', 21, 2, '2018-01-28 13:04:05'),
('浩浩', '20171224', 21, 1, '2018-01-28 13:04:05'),
('浩浩', '20171224', 21, 3, '2018-01-28 13:04:05'),
('何鹏', '20171224', 21, 1, '2018-01-28 13:04:05'),
('何鹏', '20171224', 21, 2, '2018-01-28 13:04:05'),
('洪开春', '20171226', 21, 1, '2018-01-28 13:04:05'),
('洪开春', '20171226', 21, 5, '2018-01-28 13:04:05'),
('洪开春', '20171228', 21, 1, '2018-01-28 13:04:05'),
('洪开春', '20171231', 21, 1, '2018-01-28 13:04:05'),
('洪开春', '20180101', 21, 1, '2018-01-28 13:04:05'),
('洪梅', '20171217', 21, 1, '2018-01-28 13:04:05'),
('洪涛', '20171224', 21, 1, '2018-01-28 13:04:05'),
('胡晖', '20171231', 21, 1, '2018-01-28 13:04:05'),
('胡一刀', '20180107', 21, 1, '2018-01-28 13:04:05'),
('黄芳', '20180102', 21, 1, '2018-01-28 13:04:05'),
('黄光紫', '20171223', 21, 1, '2018-01-28 13:04:05'),
('黄光紫', '20171229', 21, 1, '2018-01-28 13:04:05'),
('黄光紫', '20171229', 21, 4, '2018-01-28 13:04:05'),
('黄晓婷', '20171224', 21, 1, '2018-01-28 13:04:05'),
('黄晓婷', '20171228', 21, 1, '2018-01-28 13:04:05'),
('黄晓婷', '20171228', 21, 4, '2018-01-28 13:04:05'),
('黄叶', '20171218', 21, 1, '2018-01-28 13:04:05'),
('黄叶', '20180101', 21, 1, '2018-01-28 13:04:05'),
('黄右杰', '20171224', 21, 1, '2018-01-28 13:04:05'),
('洪开春', '20171231', 21, 1, '2018-01-28 13:04:05'),
('凯琴', '20171217', 21, 1, '2018-01-28 13:04:05'),
('李东耀', '20171222', 21, 1, '2018-01-28 13:04:05'),
('李东耀', '20180104', 21, 1, '2018-01-28 13:04:05'),
('李新海', '20171228', 21, 1, '2018-01-28 13:04:05'),
('李昱', '20171228', 21, 1, '2018-01-28 13:04:05'),
('李昱', '20171228', 21, 5, '2018-01-28 13:04:05'),
('李昱', '20171228', 21, 3, '2018-01-28 13:04:05'),
('莉莉', '20171225', 21, 1, '2018-01-28 13:04:05'),
('莉莉', '20171224', 21, 1, '2018-01-28 13:04:05'),
('良友雅集', '20180102', 21, 1, '2018-01-28 13:04:05'),
('梁敏仪', '20171217', 21, 1, '2018-01-28 13:04:05'),
('梁敏仪', '20171219', 21, 1, '2018-01-28 13:04:05'),
('梁文慧', '20171223', 21, 1, '2018-01-28 13:04:05'),
('梁文慧', '20171228', 21, 1, '2018-01-28 13:04:05'),
('林翠萍', '20171221', 21, 1, '2018-01-28 13:04:05'),
('林翠萍', '20171221', 21, 5, '2018-01-28 13:04:05'),
('林翠萍', '20171229', 21, 1, '2018-01-28 13:04:05'),
('林丽娜', '20171222', 21, 1, '2018-01-28 13:04:05'),
('谢林燕', '20171231', 21, 1, '2018-01-28 13:04:05'),
('刘静妮', '20171209', 21, 1, '2018-01-28 13:04:05'),
('刘静妮', '20171209', 21, 5, '2018-01-28 13:04:05'),
('刘静妮', '20171209', 21, 2, '2018-01-28 13:04:05'),
('刘静妮', '20171217', 21, 1, '2018-01-28 13:04:05'),
('刘静妮', '20171217', 21, 4, '2018-01-28 13:04:05'),
('刘静妮', '20171217', 21, 3, '2018-01-28 13:04:05'),
('刘静妮', '20171220', 21, 1, '2018-01-28 13:04:05'),
('刘静妮', '20171220', 21, 4, '2018-01-28 13:04:05'),
('刘静妮', '20171223', 21, 1, '2018-01-28 13:04:05'),
('刘静妮', '20171223', 21, 5, '2018-01-28 13:04:05'),
('刘静妮', '20171223', 21, 4, '2018-01-28 13:04:05'),
('刘静妮', '20171224', 21, 1, '2018-01-28 13:04:05'),
('刘静妮', '20171224', 21, 4, '2018-01-28 13:04:05'),
('刘静妮', '20171224', 21, 3, '2018-01-28 13:04:05'),
('刘静妮', '20171230', 21, 1, '2018-01-28 13:04:05'),
('刘静妮', '20171230', 21, 2, '2018-01-28 13:04:05'),
('刘静妮', '20171230', 21, 3, '2018-01-28 13:04:05'),
('刘静妮', '20171231', 21, 1, '2018-01-28 13:04:05'),
('刘静妮', '20171231', 21, 4, '2018-01-28 13:04:05'),
('刘君', '20171222', 21, 1, '2018-01-28 13:04:05'),
('刘君', '20171225', 21, 1, '2018-01-28 13:04:05'),
('刘君', '20171227', 21, 1, '2018-01-28 13:04:05'),
('美俄', '20171228', 21, 1, '2018-01-28 13:04:05'),
('余梦文', '20171220', 21, 1, '2018-01-28 13:04:05'),
('余梦文', '20171220', 21, 2, '2018-01-28 13:04:05'),
('余梦文', '20171226', 21, 1, '2018-01-28 13:04:05'),
('明霞', '20180107', 21, 1, '2018-01-28 13:04:05'),
('明霞', '20180107', 21, 3, '2018-01-28 13:04:05'),
('穆丹丹', '20171227', 21, 1, '2018-01-28 13:04:05'),
('穆丹丹', '20171227', 21, 3, '2018-01-28 13:04:05'),
('佩春', '20171231', 21, 1, '2018-01-28 13:04:05'),
('佩春', '20171231', 21, 2, '2018-01-28 13:04:05'),
('佩真', '20171228', 21, 1, '2018-01-28 13:04:05'),
('佩真', '20180101', 21, 1, '2018-01-28 13:04:05'),
('佩真', '20180102', 21, 5, '2018-01-28 13:04:05'),
('佩真', '20180102', 21, 3, '2018-01-28 13:04:05'),
('佩真', '20180102', 21, 2, '2018-01-28 13:04:05'),
('佩真', '20180102', 21, 1, '2018-01-28 13:04:05'),
('佩真', '20180103', 21, 1, '2018-01-28 13:04:05'),
('佩真', '20180107', 21, 3, '2018-01-28 13:04:05'),
('佩真', '20180107', 21, 2, '2018-01-28 13:04:05'),
('佩真', '20180107', 21, 5, '2018-01-28 13:04:05'),
('佩真', '20180107', 21, 1, '2018-01-28 13:04:05'),
('佩真', '20171228', 21, 2, '2018-01-28 13:04:05'),
('彭利新', '20180106', 21, 1, '2018-01-28 13:04:05'),
('彭思民', '20171218', 21, 1, '2018-01-28 13:04:05'),
('彭思民', '20171218', 21, 3, '2018-01-28 13:04:05'),
('彭思民', '20171218', 21, 2, '2018-01-28 13:04:05'),
('彭思民', '20171221', 21, 1, '2018-01-28 13:04:05'),
('彭思民', '20171221', 21, 3, '2018-01-28 13:04:05'),
('彭思民', '20171226', 21, 1, '2018-01-28 13:04:05'),
('彭思民', '20171226', 21, 5, '2018-01-28 13:04:05'),
('彭思民', '20171226', 21, 3, '2018-01-28 13:04:05'),
('彭思民', '20171226', 21, 2, '2018-01-28 13:04:05'),
('彭思民', '20171229', 21, 1, '2018-01-28 13:04:05'),
('彭思民', '20171229', 21, 3, '2018-01-28 13:04:05'),
('启', '20180103', 21, 1, '2018-01-28 13:04:05'),
('秋阳', '20171217', 21, 1, '2018-01-28 13:04:05'),
('沙思闻', '20171222', 21, 1, '2018-01-28 13:04:05'),
('沙思闻', '20171223', 21, 1, '2018-01-28 13:04:05'),
('舒玉', '20171222', 21, 1, '2018-01-28 13:04:05'),
('舒玉', '20171228', 21, 1, '2018-01-28 13:04:05'),
('水九齐', '20180105', 21, 1, '2018-01-28 13:04:05'),
('水九齐', '20180105', 21, 5, '2018-01-28 13:04:05'),
('水九齐', '20180104', 21, 1, '2018-01-28 13:04:05'),
('孙娟', '20180107', 21, 1, '2018-01-28 13:04:05'),
('孙娟', '20180107', 21, 3, '2018-01-28 13:04:05'),
('唐清清', '20180103', 21, 1, '2018-01-28 13:04:05'),
('唐清清', '20180103', 21, 3, '2018-01-28 13:04:05'),
('唐清清', '20180103', 21, 2, '2018-01-28 13:04:05'),
('唐清清', '20180105', 21, 1, '2018-01-28 13:04:05'),
('田晗', '20171208', 21, 1, '2018-01-28 13:04:05'),
('田晗', '20171209', 21, 1, '2018-01-28 13:04:05'),
('田晗', '20171209', 21, 5, '2018-01-28 13:04:05'),
('田晗', '20171209', 21, 4, '2018-01-28 13:04:05'),
('田晗', '20171213', 21, 1, '2018-01-28 13:04:05'),
('田晗', '20171213', 21, 5, '2018-01-28 13:04:05'),
('田晗', '20171213', 21, 4, '2018-01-28 13:04:05'),
('田晗', '20171213', 21, 3, '2018-01-28 13:04:05'),
('田晗', '20171213', 21, 2, '2018-01-28 13:04:05'),
('田晗', '20171220', 21, 1, '2018-01-28 13:04:05'),
('田晗', '20171220', 21, 5, '2018-01-28 13:04:05'),
('田晗', '20171220', 21, 4, '2018-01-28 13:04:05'),
('田晗', '20171220', 21, 3, '2018-01-28 13:04:05'),
('田晗', '20171223', 21, 1, '2018-01-28 13:04:05'),
('田晗', '20171223', 21, 5, '2018-01-28 13:04:05'),
('田晗', '20171223', 21, 3, '2018-01-28 13:04:05'),
('田晗', '20171224', 21, 1, '2018-01-28 13:04:05'),
('田晗', '20171224', 21, 3, '2018-01-28 13:04:05'),
('田晗', '20171227', 21, 1, '2018-01-28 13:04:05'),
('田晗', '20171227', 21, 5, '2018-01-28 13:04:05'),
('田晗', '20171227', 21, 2, '2018-01-28 13:04:05'),
('田晗', '20171227', 21, 4, '2018-01-28 13:04:05'),
('田晗', '20180102', 21, 1, '2018-01-28 13:04:05'),
('田晗', '20180102', 21, 5, '2018-01-28 13:04:05'),
('田晗', '20180102', 21, 4, '2018-01-28 13:04:05'),
('田晗', '20180105', 21, 1, '2018-01-28 13:04:05'),
('田晗', '20180105', 21, 3, '2018-01-28 13:04:05'),
('田晗', '20180105', 21, 5, '2018-01-28 13:04:05'),
('王晗旭', '20180104', 21, 1, '2018-01-28 13:04:05'),
('王晗旭', '20180104', 21, 5, '2018-01-28 13:04:05'),
('王晗旭', '20180104', 21, 5, '2018-01-28 13:04:05'),
('王向林', '20180103', 21, 1, '2018-01-28 13:04:05'),
('王旭洪', '20171207', 21, 1, '2018-01-28 13:04:05'),
('王旭洪', '20171210', 21, 1, '2018-01-28 13:04:05'),
('王旭洪', '20171210', 21, 4, '2018-01-28 13:04:05'),
('王旭洪', '20171210', 21, 2, '2018-01-28 13:04:05'),
('王旭洪', '20171212', 21, 1, '2018-01-28 13:04:05'),
('王旭洪', '20171212', 21, 3, '2018-01-28 13:04:05'),
('王旭洪', '20171215', 21, 1, '2018-01-28 13:04:05'),
('王旭洪', '20171217', 21, 1, '2018-01-28 13:04:05'),
('王旭洪', '20171217', 21, 3, '2018-01-28 13:04:05'),
('王旭洪', '20171221', 21, 1, '2018-01-28 13:04:05'),
('王旭洪', '20171221', 21, 5, '2018-01-28 13:04:05'),
('王旭洪', '20171222', 21, 1, '2018-01-28 13:04:05'),
('王旭洪', '20171222', 21, 5, '2018-01-28 13:04:05'),
('王旭洪', '20171222', 21, 4, '2018-01-28 13:04:05'),
('王旭洪', '20171226', 21, 1, '2018-01-28 13:04:05'),
('王旭洪', '20171226', 21, 5, '2018-01-28 13:04:05'),
('王旭洪', '20171228', 21, 1, '2018-01-28 13:04:05'),
('王旭洪', '20171228', 21, 5, '2018-01-28 13:04:05'),
('王旭洪', '20171226', 21, 4, '2018-01-28 13:04:05'),
('王旭洪', '20171228', 21, 4, '2018-01-28 13:04:05'),
('王旭洪', '20180104', 21, 1, '2018-01-28 13:04:05'),
('王亚雄', '20171226', 21, 1, '2018-01-28 13:04:05'),
('王亚雄', '20171226', 21, 5, '2018-01-28 13:04:05'),
('王英', '20171229', 21, 1, '2018-01-28 13:04:05'),
('王玉林', '20171222', 21, 1, '2018-01-28 13:04:05'),
('温军军', '20180107', 21, 1, '2018-01-28 13:04:05'),
('梁文慧', '20171224', 21, 1, '2018-01-28 13:04:05'),
('梁文慧', '20171224', 21, 5, '2018-01-28 13:04:05'),
('梁文慧', '20171230', 21, 1, '2018-01-28 13:04:05'),
('梁文慧', '20171231', 21, 1, '2018-01-28 13:04:05'),
('吴小玲', '20171207', 21, 1, '2018-01-28 13:04:05'),
('吴小玲', '20171216', 21, 1, '2018-01-28 13:04:05'),
('吴小玲', '20171216', 21, 5, '2018-01-28 13:04:05'),
('小憨', '20171231', 21, 5, '2018-01-28 13:04:05'),
('小敏', '20171224', 21, 1, '2018-01-28 13:04:05'),
('晓彬', '20171220', 21, 1, '2018-01-28 13:04:05'),
('笑笑', '20171210', 21, 1, '2018-01-28 13:04:05'),
('笑笑', '20171211', 21, 1, '2018-01-28 13:04:05'),
('笑笑', '20171211', 21, 5, '2018-01-28 13:04:05'),
('笑笑', '20171211', 21, 3, '2018-01-28 13:04:05'),
('笑笑', '20171211', 21, 2, '2018-01-28 13:04:05'),
('笑笑', '20171214', 21, 1, '2018-01-28 13:04:05'),
('笑笑', '20171214', 21, 2, '2018-01-28 13:04:05'),
('笑笑', '20171218', 21, 1, '2018-01-28 13:04:05'),
('笑笑', '20171219', 21, 1, '2018-01-28 13:04:05'),
('笑笑', '20171219', 21, 2, '2018-01-28 13:04:05'),
('笑笑', '20171225', 21, 1, '2018-01-28 13:04:05'),
('笑笑', '20171225', 21, 2, '2018-01-28 13:04:05'),
('笑笑', '20171225', 21, 3, '2018-01-28 13:04:05'),
('笑笑', '20171228', 21, 1, '2018-01-28 13:04:05'),
('笑笑', '20171228', 21, 5, '2018-01-28 13:04:05'),
('笑笑', '20171228', 21, 2, '2018-01-28 13:04:05'),
('笑笑', '20171231', 21, 1, '2018-01-28 13:04:05'),
('笑笑', '20171231', 21, 2, '2018-01-28 13:04:05'),
('笑笑', '20171231', 21, 3, '2018-01-28 13:04:05'),
('笑笑', '20171231', 21, 1, '2018-01-28 13:04:05'),
('笑笑', '20171231', 21, 2, '2018-01-28 13:04:05'),
('笑笑', '20171228', 21, 4, '2018-01-28 13:04:05'),
('笑笑', '20180101', 21, 3, '2018-01-28 13:04:05'),
('笑笑', '20180104', 21, 1, '2018-01-28 13:04:05'),
('笑笑', '20180104', 21, 5, '2018-01-28 13:04:05'),
('笑笑', '20180105', 21, 1, '2018-01-28 13:04:05'),
('笑笑', '20180105', 21, 4, '2018-01-28 13:04:05'),
('笑笑', '20180105', 21, 5, '2018-01-28 13:04:05'),
('笑笑', '20180104', 21, 3, '2018-01-28 13:04:05'),
('笑笑', '20180104', 21, 4, '2018-01-28 13:04:05'),
('笑笑', '20180101', 21, 2, '2018-01-28 13:04:05'),
('笑笑', '20180101', 21, 1, '2018-01-28 13:04:05'),
('笑笑', '20180101', 21, 5, '2018-01-28 13:04:05'),
('谢林燕', '20171211', 21, 1, '2018-01-28 13:04:05'),
('谢林燕', '20171211', 21, 5, '2018-01-28 13:04:05'),
('谢林燕', '20171213', 21, 1, '2018-01-28 13:04:05'),
('谢林燕', '20171213', 21, 5, '2018-01-28 13:04:05'),
('谢林燕', '20171214', 21, 1, '2018-01-28 13:04:05'),
('谢林燕', '20171220', 21, 1, '2018-01-28 13:04:05'),
('谢林燕', '20171220', 21, 5, '2018-01-28 13:04:05'),
('谢青香', '20171226', 21, 1, '2018-01-28 13:04:05'),
('馨月', '20180105', 21, 1, '2018-01-28 13:04:05'),
('馨月', '20180105', 21, 5, '2018-01-28 13:04:05'),
('馨月', '20180106', 21, 1, '2018-01-28 13:04:05'),
('馨月', '20180106', 21, 4, '2018-01-28 13:04:05'),
('馨月', '20180106', 21, 3, '2018-01-28 13:04:05'),
('熊艳', '20171217', 21, 1, '2018-01-28 13:04:05'),
('熊艳', '20171217', 21, 3, '2018-01-28 13:04:05'),
('熊艳', '20171224', 21, 1, '2018-01-28 13:04:05'),
('熊艳', '20171224', 21, 4, '2018-01-28 13:04:05'),
('杨秀虹', '20171231', 21, 1, '2018-01-28 13:04:05'),
('杨秀虹', '20171231', 21, 5, '2018-01-28 13:04:05'),
('杨秀虹', '20171231', 21, 5, '2018-01-28 13:04:05'),
('杨秀虹', '20171231', 21, 1, '2018-01-28 13:04:05'),
('杨秀虹', '20171231', 21, 3, '2018-01-28 13:04:05'),
('杨秀虹', '20171227', 21, 4, '2018-01-28 13:04:05'),
('杨秀虹', '20171231', 21, 4, '2018-01-28 13:04:05'),
('杨秀虹', '20180107', 21, 4, '2018-01-28 13:04:05'),
('杨秀虹', '20180107', 21, 1, '2018-01-28 13:04:05'),
('秀勤', '20171217', 21, 1, '2018-01-28 13:04:05'),
('秀勤', '20171217', 21, 5, '2018-01-28 13:04:05'),
('秀勤', '20171224', 21, 1, '2018-01-28 13:04:05'),
('秀勤', '20171225', 21, 1, '2018-01-28 13:04:05'),
('秀勤', '20171230', 21, 1, '2018-01-28 13:04:05'),
('秀勤', '20171231', 21, 1, '2018-01-28 13:04:05'),
('秀勤', '20180105', 21, 1, '2018-01-28 13:04:05'),
('许雪敏', '20180106', 21, 1, '2018-01-28 13:04:05'),
('学承', '20171229', 21, 1, '2018-01-28 13:04:05'),
('许雪敏', '20171228', 21, 1, '2018-01-28 13:04:05'),
('亚齐', '20171211', 21, 1, '2018-01-28 13:04:05'),
('亚齐', '20171213', 21, 1, '2018-01-28 13:04:05'),
('亚齐', '20171217', 21, 1, '2018-01-28 13:04:05'),
('亚齐', '20171217', 21, 5, '2018-01-28 13:04:05'),
('亚齐', '20171217', 21, 2, '2018-01-28 13:04:05'),
('亚齐', '20171228', 21, 1, '2018-01-28 13:04:05'),
('亚雄', '20171229', 21, 1, '2018-01-28 13:04:05'),
('阎小菁', '20171216', 21, 1, '2018-01-28 13:04:05'),
('阎小菁', '20171216', 21, 5, '2018-01-28 13:04:05'),
('阎小菁', '20171216', 21, 3, '2018-01-28 13:04:05'),
('阎小菁', '20171216', 21, 2, '2018-01-28 13:04:05'),
('阎小菁', '20171223', 21, 1, '2018-01-28 13:04:05'),
('阎小菁', '20171223', 21, 5, '2018-01-28 13:04:05'),
('阎小菁', '20171223', 21, 2, '2018-01-28 13:04:05'),
('阎小菁', '20180106', 21, 1, '2018-01-28 13:04:05'),
('阎小菁', '20180106', 21, 2, '2018-01-28 13:04:05'),
('熊艳', '20171210', 21, 1, '2018-01-28 13:04:05'),
('熊艳', '20171210', 21, 3, '2018-01-28 13:04:05'),
('熊艳', '20171214', 21, 1, '2018-01-28 13:04:05'),
('杨威', '20180102', 21, 1, '2018-01-28 13:04:05'),
('杨秀虹', '20171208', 21, 1, '2018-01-28 13:04:05'),
('杨秀虹', '20171209', 21, 1, '2018-01-28 13:04:05'),
('杨秀虹', '20171209', 21, 5, '2018-01-28 13:04:05'),
('杨秀虹', '20171216', 21, 1, '2018-01-28 13:04:05'),
('杨秀虹', '20171217', 21, 1, '2018-01-28 13:04:05'),
('杨秀虹', '20171217', 21, 4, '2018-01-28 13:04:05'),
('杨秀虹', '20171221', 21, 1, '2018-01-28 13:04:05'),
('杨秀虹', '20171223', 21, 1, '2018-01-28 13:04:05'),
('杨秀虹', '20171224', 21, 1, '2018-01-28 13:04:05'),
('杨秀虹', '20171224', 21, 4, '2018-01-28 13:04:05'),
('杨秀虹', '20171227', 21, 1, '2018-01-28 13:04:05'),
('杨秀虹', '20171227', 21, 5, '2018-01-28 13:04:05'),
('杨洋', '20180103', 21, 1, '2018-01-28 13:04:05'),
('杨志强', '20171207', 21, 1, '2018-01-28 13:04:05'),
('杨志强', '20171208', 21, 1, '2018-01-28 13:04:05'),
('杨志强', '20171213', 21, 1, '2018-01-28 13:04:05'),
('杨志强', '20171220', 21, 1, '2018-01-28 13:04:05'),
('杨志强', '20171220', 21, 5, '2018-01-28 13:04:05'),
('杨志强', '20171221', 21, 1, '2018-01-28 13:04:05'),
('右杰', '20171226', 21, 1, '2018-01-28 13:04:05'),
('李昱', '20171214', 21, 1, '2018-01-28 13:04:05'),
('李昱', '20171214', 21, 3, '2018-01-28 13:04:05'),
('李昱', '20171221', 21, 1, '2018-01-28 13:04:05'),
('李昱', '20171221', 21, 2, '2018-01-28 13:04:05'),
('袁丽红', '20171210', 21, 1, '2018-01-28 13:04:05'),
('袁丽红', '20171218', 21, 1, '2018-01-28 13:04:05'),
('月读', '20171229', 21, 1, '2018-01-28 13:04:05'),
('月读', '20171229', 21, 2, '2018-01-28 13:04:05'),
('王宝林', '20180102', 21, 1, '2018-01-28 13:04:05'),
('张建超', '20171226', 21, 1, '2018-01-28 13:04:05'),
('张静', '20171209', 21, 1, '2018-01-28 13:04:05'),
('张静', '20171209', 21, 5, '2018-01-28 13:04:05'),
('张静', '20171210', 21, 1, '2018-01-28 13:04:05'),
('张静', '20171210', 21, 5, '2018-01-28 13:04:05'),
('张静', '20171211', 21, 1, '2018-01-28 13:04:05'),
('张静', '20171211', 21, 5, '2018-01-28 13:04:05'),
('张静', '20171213', 21, 1, '2018-01-28 13:04:05'),
('张静', '20171218', 21, 1, '2018-01-28 13:04:05'),
('张静', '20171218', 21, 4, '2018-01-28 13:04:05'),
('张静', '20171221', 21, 1, '2018-01-28 13:04:05'),
('张静', '20171221', 21, 5, '2018-01-28 13:04:05'),
('张静', '20171221', 21, 4, '2018-01-28 13:04:05'),
('张静', '20171223', 21, 1, '2018-01-28 13:04:05'),
('张静', '20180101', 21, 1, '2018-01-28 13:04:05'),
('张静', '20180101', 21, 4, '2018-01-28 13:04:05'),
('张静', '20180101', 21, 5, '2018-01-28 13:04:05'),
('张俊', '20171223', 21, 1, '2018-01-28 13:04:05'),
('张俊', '20171226', 21, 1, '2018-01-28 13:04:05'),
('张俊', '20171226', 21, 2, '2018-01-28 13:04:05'),
('张俊', '20171224', 21, 1, '2018-01-28 13:04:05'),
('馨月', '20171209', 21, 1, '2018-01-28 13:04:05'),
('馨月', '20171209', 21, 5, '2018-01-28 13:04:05'),
('馨月', '20171213', 21, 1, '2018-01-28 13:04:05'),
('馨月', '20171213', 21, 4, '2018-01-28 13:04:05'),
('馨月', '20171213', 21, 3, '2018-01-28 13:04:05'),
('馨月', '20171213', 21, 2, '2018-01-28 13:04:05'),
('馨月', '20171215', 21, 1, '2018-01-28 13:04:05'),
('馨月', '20171215', 21, 4, '2018-01-28 13:04:05'),
('馨月', '20171223', 21, 1, '2018-01-28 13:04:05'),
('馨月', '20171223', 21, 5, '2018-01-28 13:04:05'),
('馨月', '20171223', 21, 4, '2018-01-28 13:04:05'),
('馨月', '20171223', 21, 3, '2018-01-28 13:04:05'),
('馨月', '20171225', 21, 1, '2018-01-28 13:04:05'),
('馨月', '20171229', 21, 1, '2018-01-28 13:04:05'),
('馨月', '20171230', 21, 1, '2018-01-28 13:04:05'),
('馨月', '20171229', 21, 4, '2018-01-28 13:04:05'),
('馨月', '20171230', 21, 4, '2018-01-28 13:04:05'),
('郑洁', '20171223', 21, 1, '2018-01-28 13:04:05'),
('郑洁', '20171224', 21, 1, '2018-01-28 13:04:05'),
('郑洁', '20171230', 21, 1, '2018-01-28 13:04:05'),
('周英硕', '20171221', 21, 1, '2018-01-28 13:04:05'),
('周英硕', '20171221', 21, 5, '2018-01-28 13:04:05'),
('周英硕', '20180104', 21, 1, '2018-01-28 13:04:05'),
('周长胜', '20171227', 21, 1, '2018-01-28 13:04:05'),
('周长胜', '20171228', 21, 1, '2018-01-28 13:04:05'),
('笑笑', '20180108', 21, 1, '2018-01-28 13:04:05'),
('Nelson', '20180108', 21, 1, '2018-01-28 13:04:05'),
('Charles', '20180108', 21, 1, '2018-01-28 13:04:05'),
('静川', '20180108', 21, 1, '2018-01-28 13:04:05'),
('张静', '20180108', 21, 4, '2018-01-28 13:04:05'),
('笑笑', '20180108', 21, 4, '2018-01-28 13:04:05'),
('笑笑', '20180108', 21, 2, '2018-01-28 13:04:05'),
('Charles', '20180108', 21, 3, '2018-01-28 13:04:05'),
('Nelson', '20180110', 21, 1, '2018-01-28 13:04:05'),
('佩真', '20180110', 21, 1, '2018-01-28 13:04:05'),
('月读', '20180110', 21, 1, '2018-01-28 13:04:05'),
('Annie', '20180110', 21, 1, '2018-01-28 13:04:05'),
('刘静妮', '20180110', 21, 4, '2018-01-28 13:04:05'),
('Nelson', '20180110', 21, 2, '2018-01-28 13:04:05'),
('Nelson', '20180110', 21, 3, '2018-01-28 13:04:05'),
('佩真', '20180110', 21, 5, '2018-01-28 13:04:05'),
('月读', '20180110', 21, 5, '2018-01-28 13:04:05'),
('Annie', '20180110', 21, 5, '2018-01-28 13:04:05'),
('刘静妮', '20180110', 21, 5, '2018-01-28 13:04:05'),
('彭敏', '20180111', 21, 1, '2018-01-28 13:04:05'),
('秀勤', '20180111', 21, 1, '2018-01-28 13:04:05'),
('穆丹丹', '20180111', 21, 1, '2018-01-28 13:04:05'),
('思闻', '20180111', 21, 1, '2018-01-28 13:04:05'),
('王旭洪', '20180111', 21, 1, '2018-01-28 13:04:05'),
('王旭洪', '20180111', 21, 4, '2018-01-28 13:04:05'),
('秀勤', '20180111', 21, 2, '2018-01-28 13:04:05'),
('彭敏', '20180111', 21, 3, '2018-01-28 13:04:05'),
('王旭洪', '20180111', 21, 5, '2018-01-28 13:04:05'),
('秀勤', '20180111', 21, 5, '2018-01-28 13:04:05'),
('Licky', '20180111', 21, 1, '2018-01-28 13:04:05'),
('肖桂林', '20180111', 21, 1, '2018-01-28 13:04:05'),
('谢青香', '20180111', 21, 1, '2018-01-28 13:04:05'),
('周英硕', '20180111', 21, 1, '2018-01-28 13:04:05'),
('李东耀', '20180111', 21, 1, '2018-01-28 13:04:05'),
('杨志强', '20180111', 21, 1, '2018-01-28 13:04:05'),
('Licky', '20180111', 21, 4, '2018-01-28 13:04:05'),
('谢青香', '20180111', 21, 2, '2018-01-28 13:04:05'),
('谢青香', '20180111', 21, 3, '2018-01-28 13:04:05'),
('杨志强', '20180111', 21, 3, '2018-01-28 13:04:05'),
('周英硕', '20180111', 21, 5, '2018-01-28 13:04:05'),
('杨志强', '20180111', 21, 5, '2018-01-28 13:04:05'),
('黄晓婷', '20180112', 21, 1, '2018-01-28 13:04:05'),
('樊瑞瑞', '20180112', 21, 1, '2018-01-28 13:04:05'),
('张秋莲', '20180112', 21, 1, '2018-01-28 13:04:05'),
('肖桂林', '20180112', 21, 1, '2018-01-28 13:04:05'),
('唐清清', '20180112', 21, 1, '2018-01-28 13:04:05'),
('黄晓婷', '20180112', 21, 4, '2018-01-28 13:04:05'),
('唐清清', '20180112', 21, 2, '2018-01-28 13:04:05'),
('樊瑞瑞', '20180112', 21, 3, '2018-01-28 13:04:05'),
('黄晓婷', '20180112', 21, 5, '2018-01-28 13:04:05'),
('刘静妮', '20180112', 21, 1, '2018-01-28 13:04:05'),
('Charles', '20180112', 21, 1, '2018-01-28 13:04:05'),
('亚齐', '20180112', 21, 1, '2018-01-28 13:04:05'),
('谢林燕', '20180112', 21, 1, '2018-01-28 13:04:05'),
('Annie', '20180112', 21, 1, '2018-01-28 13:04:05'),
('刘静妮', '20180112', 21, 4, '2018-01-28 13:04:05'),
('Charles', '20180112', 21, 2, '2018-01-28 13:04:05'),
('刘静妮', '20180112', 21, 3, '2018-01-28 13:04:05'),
('刘静妮', '20180112', 21, 5, '2018-01-28 13:04:05'),
('谢林燕', '20180112', 21, 5, '2018-01-28 13:04:05'),
('肖桂林', '20180110', 21, 1, '2018-01-28 13:04:05'),
('Alva', '20180110', 21, 1, '2018-01-28 13:04:05'),
('李瑞蒙', '20180110', 21, 1, '2018-01-28 13:04:05'),
('邵涛', '20180110', 21, 1, '2018-01-28 13:04:05'),
('韩建军', '20180110', 21, 1, '2018-01-28 13:04:05'),
('田晗', '20180110', 21, 4, '2018-01-28 13:04:05'),
('Alva', '20180110', 21, 2, '2018-01-28 13:04:05'),
('邵涛', '20180110', 21, 3, '2018-01-28 13:04:05'),
('肖桂林', '20180110', 21, 5, '2018-01-28 13:04:05'),
('Alva', '20180110', 21, 5, '2018-01-28 13:04:05'),
('李瑞蒙', '20180110', 21, 5, '2018-01-28 13:04:05'),
('邵涛', '20180110', 21, 5, '2018-01-28 13:04:05'),
('韩建军', '20180110', 21, 5, '2018-01-28 13:04:05'),
('张静', '20180108', 21, 1, '2018-01-28 13:04:05'),
('田晗', '20180110', 21, 1, '2018-01-28 13:04:05'),
('刘静妮', '20180110', 21, 1, '2018-01-28 13:04:05'),
('刘静妮', '20180113', 20, 1, '2018-01-28 13:04:05'),
('Charles', '20180113', 20, 1, '2018-01-28 13:04:05'),
('谢林燕', '20180113', 20, 1, '2018-01-28 13:04:05'),
('Aaron', '20180113', 20, 1, '2018-01-28 13:04:05'),
('刘静妮', '20180113', 20, 4, '2018-01-28 13:04:05'),
('Aaron', '20180113', 20, 2, '2018-01-28 13:04:05'),
('Aaron', '20180113', 20, 3, '2018-01-28 13:04:05'),
('王旭洪', '20180113', 21, 1, '2018-01-28 13:04:05'),
('佩真', '20180113', 21, 1, '2018-01-28 13:04:05'),
('阎小菁', '20180113', 21, 1, '2018-01-28 13:04:05'),
('邵涛', '20180113', 21, 1, '2018-01-28 13:04:05'),
('阳焱', '20180113', 21, 1, '2018-01-28 13:04:05'),
('秀勤', '20180113', 21, 1, '2018-01-28 13:04:05'),
('王旭洪', '20180113', 21, 4, '2018-01-28 13:04:05'),
('阎小菁', '20180113', 21, 2, '2018-01-28 13:04:05'),
('佩真', '20180113', 21, 2, '2018-01-28 13:04:05'),
('佩真', '20180113', 21, 3, '2018-01-28 13:04:05'),
('王旭洪', '20180113', 21, 5, '2018-01-28 13:04:05'),
('佩真', '20180113', 21, 5, '2018-01-28 13:04:05'),
('张静', '20180113', 21, 1, '2018-01-28 13:04:05'),
('杨秀虹', '20180113', 21, 1, '2018-01-28 13:04:05'),
('水九齐', '20180113', 21, 1, '2018-01-28 13:04:05'),
('贺文', '20180113', 21, 1, '2018-01-28 13:04:05'),
('林翠萍', '20180113', 21, 1, '2018-01-28 13:04:05'),
('肖桂林', '20180113', 21, 1, '2018-01-28 13:04:05'),
('祁鼎', '20180113', 21, 1, '2018-01-28 13:04:05'),
('张静', '20180113', 21, 4, '2018-01-28 13:04:05'),
('水九齐', '20180113', 21, 2, '2018-01-28 13:04:05'),
('馨月', '20180113', 21, 2, '2018-01-28 13:04:05'),
('水九齐', '20180113', 21, 5, '2018-01-28 13:04:05'),
('肖桂林', '20180113', 21, 5, '2018-01-28 13:04:05'),
('穆丹丹', '20180114', 21, 1, '2018-01-28 13:04:05'),
('秀勤', '20180114', 21, 1, '2018-01-28 13:04:05'),
('杨秀虹', '20180114', 21, 1, '2018-01-28 13:04:05'),
('Nancy Chen', '20180114', 21, 1, '2018-01-28 13:04:05'),
('李瑞蒙', '20180114', 21, 1, '2018-01-28 13:04:05'),
('贺文', '20180114', 21, 1, '2018-01-28 13:04:05'),
('穆丹丹', '20180114', 21, 2, '2018-01-28 13:04:05'),
('穆丹丹', '20180114', 21, 3, '2018-01-28 13:04:05'),
('杨秀虹', '20180114', 21, 4, '2018-01-28 13:04:05'),
('秀勤', '20180114', 21, 5, '2018-01-28 13:04:05'),
('穆丹丹', '20180114', 21, 5, '2018-01-28 13:04:05'),
('杨秀虹', '20180114', 21, 5, '2018-01-28 13:04:05'),
('馨月', '20171209', 21, 1, '2018-01-28 13:04:05'),
('馨月', '20171210', 21, 1, '2018-01-28 13:04:05'),
('馨月', '20171209', 21, 3, '2018-01-28 13:04:05'),
('馨月', '20171209', 21, 4, '2018-01-28 13:04:05'),
('馨月', '20171209', 21, 5, '2018-01-28 13:04:05'),
('肖桂林', '20180108', 21, 1, '2018-01-28 13:04:05'),
('肖桂林', '20180110', 21, 5, '2018-01-28 13:04:05'),
('笑笑', '20171211', 21, 1, '2018-01-28 13:04:05'),
('笑笑', '20171215', 21, 1, '2018-01-28 13:04:05'),
('笑笑', '20171215', 21, 2, '2018-01-28 13:04:05'),
('笑笑', '20171211', 21, 3, '2018-01-28 13:04:05'),
('笑笑', '20171215', 21, 3, '2018-01-28 13:04:05'),
('笑笑', '20171211', 21, 4, '2018-01-28 13:04:05'),
('笑笑', '20171215', 21, 4, '2018-01-28 13:04:05'),
('笑笑', '20171227', 21, 4, '2018-01-28 13:04:05'),
('笑笑', '20171211', 21, 5, '2018-01-28 13:04:05'),
('笑笑', '20171209', 21, 5, '2018-01-28 13:04:05'),
('笑笑', '20171213', 21, 5, '2018-01-28 13:04:05'),
('笑笑', '20171217', 21, 5, '2018-01-28 13:04:05'),
('笑笑', '20171218', 21, 5, '2018-01-28 13:04:05'),
('笑笑', '20171224', 21, 5, '2018-01-28 13:04:05'),
('笑笑', '20171230', 21, 5, '2018-01-28 13:04:05'),
('笑笑', '20180107', 21, 5, '2018-01-28 13:04:05'),
('穆丹丹', '20180106', 21, 5, '2018-01-28 13:04:05'),
('秀勤', '20171219', 21, 1, '2018-01-28 13:04:05'),
('秀勤', '20171219', 21, 4, '2018-01-28 13:04:05'),
('秀勤', '20171223', 21, 5, '2018-01-28 13:04:05'),
('秀勤', '20171224', 21, 5, '2018-01-28 13:04:05'),
('秀勤', '20171229', 21, 5, '2018-01-28 13:04:05'),
('秀勤', '20171230', 21, 5, '2018-01-28 13:04:05'),
('秀勤', '20180104', 21, 5, '2018-01-28 13:04:05'),
('秀勤', '20180112', 21, 5, '2018-01-28 13:04:05'),
('田晗', '20171215', 21, 1, '2018-01-28 13:04:05'),
('田晗', '20171215', 21, 4, '2018-01-28 13:04:05'),
('田晗', '20171207', 21, 5, '2018-01-28 13:04:05'),
('田晗', '20171215', 21, 5, '2018-01-28 13:04:05'),
('田晗', '20171223', 21, 5, '2018-01-28 13:04:05'),
('田晗', '20180109', 21, 5, '2018-01-28 13:04:05'),
('王旭洪', '20180103', 21, 5, '2018-01-28 13:04:05'),
('王旭洪', '20180106', 21, 5, '2018-01-28 13:04:05'),
('熊艳', '20171224', 21, 2, '2018-01-28 13:04:05'),
('熊艳', '20171224', 21, 5, '2018-01-28 13:04:05'),
('温军军', '20180107', 21, 1, '2018-01-28 13:04:05'),
('温军军', '20180108', 21, 1, '2018-01-28 13:04:05'),
('温军军', '20180109', 21, 1, '2018-01-28 13:04:05'),
('温军军', '20180108', 21, 2, '2018-01-28 13:04:05'),
('温军军', '20180109', 21, 3, '2018-01-28 13:04:05'),
('温军军', '20180109', 21, 5, '2018-01-28 13:04:05'),
('洪开春', '20171227', 21, 5, '2018-01-28 13:04:05'),
('洪开春', '20171229', 21, 5, '2018-01-28 13:04:05'),
('余梦文', '20171228', 21, 1, '2018-01-28 13:04:05'),
('余梦文', '20180106', 21, 1, '2018-01-28 13:04:05'),
('余梦文', '20171219', 21, 5, '2018-01-28 13:04:05'),
('余梦文', '20171225', 21, 5, '2018-01-28 13:04:05'),
('余梦文', '20171228', 21, 5, '2018-01-28 13:04:05'),
('梁文慧', '20171222', 21, 5, '2018-01-28 13:04:05'),
('杨志强', '20171212', 21, 2, '2018-01-28 13:04:05'),
('杨志强', '20171219', 21, 3, '2018-01-28 13:04:05'),
('杨志强', '20171220', 21, 4, '2018-01-28 13:04:05'),
('杨志强', '20171220', 21, 4, '2018-01-28 13:04:05'),
('月读', '20180104', 21, 1, '2018-01-28 13:04:05'),
('月读', '20180111', 21, 1, '2018-01-28 13:04:05'),
('月读', '20180104', 21, 2, '2018-01-28 13:04:05'),
('月读', '20180111', 21, 2, '2018-01-28 13:04:05'),
('月读', '20180109', 21, 3, '2018-01-28 13:04:05'),
('月读', '20171228', 21, 5, '2018-01-28 13:04:05'),
('明霞', '20180108', 21, 1, '2018-01-28 13:04:05'),
('明霞', '20180109', 21, 1, '2018-01-28 13:04:05'),
('明霞', '20180108', 21, 5, '2018-01-28 13:04:05'),
('明霞', '20180109', 21, 5, '2018-01-28 13:04:05'),
('彭思民', '20180109', 21, 1, '2018-01-28 13:04:05'),
('彭思民', '20180109', 21, 4, '2018-01-28 13:04:05'),
('彭思民', '20180109', 21, 5, '2018-01-28 13:04:05'),
('张俊', '20171223', 21, 5, '2018-01-28 13:04:05'),
('唐清清', '20180104', 21, 3, '2018-01-28 13:04:05'),
('唐清清', '20180104', 21, 5, '2018-01-28 13:04:05'),
('刘静妮', '20171225', 21, 1, '2018-01-28 13:04:05'),
('刘静妮', '20171225', 21, 4, '2018-01-28 13:04:05'),
('刘静妮', '20171225', 21, 5, '2018-01-28 13:04:05'),
('亚齐', '20171210', 21, 5, '2018-01-28 13:04:05'),
('Sophy', '20171212', 21, 2, '2018-01-28 13:04:05'),
('Sophy', '20171218', 21, 2, '2018-01-28 13:04:05'),
('Sophy', '20171213', 21, 3, '2018-01-28 13:04:05'),
('Sophy', '20171219', 21, 4, '2018-01-28 13:04:05'),
('Sophy', '20171226', 21, 4, '2018-01-28 13:04:05'),
('Sophy', '20171212', 21, 5, '2018-01-28 13:04:05'),
('Sophy', '20171213', 21, 5, '2018-01-28 13:04:05'),
('Sophy', '20171218', 21, 5, '2018-01-28 13:04:05'),
('Sophy', '20171226', 21, 5, '2018-01-28 13:04:05'),
('腾东', '20180108', 21, 1, '2018-01-28 13:04:05'),
('腾东', '20180108', 21, 3, '2018-01-28 13:04:05'),
('Nelson', '20171223', 21, 3, '2018-01-28 13:04:05'),
('Nelson', '20180110', 21, 5, '2018-01-28 13:04:05'),
('Lindy', '20171220', 21, 1, '2018-01-28 13:04:05'),
('Lindy', '20171221', 21, 5, '2018-01-28 13:04:05'),
('Licky', '20171208', 21, 1, '2018-01-28 13:04:05'),
('Licky', '20170108', 21, 5, '2018-01-28 13:04:05'),
('Licky', '20170107', 21, 5, '2018-01-28 13:04:05'),
('JimHuang', '20171221', 21, 5, '2018-01-28 13:04:05'),
('Jasson', '20171215', 21, 1, '2018-01-28 13:04:05'),
('Jasson', '20171215', 21, 2, '2018-01-28 13:04:05'),
('Jasson', '20171215', 21, 3, '2018-01-28 13:04:05'),
('Jasson', '20171221', 21, 3, '2018-01-28 13:04:05'),
('Claire', '20171231', 21, 1, '2018-01-28 13:04:05'),
('Claire', '20171211', 21, 5, '2018-01-28 13:04:05'),
('Christine', '20171221', 21, 4, '2018-01-28 13:04:05'),
('Christine', '20171213', 21, 5, '2018-01-28 13:04:05'),
('Christine', '20171226', 21, 5, '2018-01-28 13:04:05'),
('Charles', '20171213', 21, 1, '2018-01-28 13:04:05'),
('Charles', '20171213', 21, 2, '2018-01-28 13:04:05'),
('Charles', '20171213', 21, 3, '2018-01-28 13:04:05'),
('Charles', '20171213', 21, 4, '2018-01-28 13:04:05'),
('Charles', '20171213', 21, 5, '2018-01-28 13:04:05'),
('Charles', '20171214', 21, 1, '2018-01-28 13:04:05'),
('Charles', '20171215', 21, 1, '2018-01-28 13:04:05'),
('Charles', '20171207', 21, 5, '2018-01-28 13:04:05'),
('Charles', '20171208', 21, 5, '2018-01-28 13:04:05'),
('Charles', '20171211', 21, 5, '2018-01-28 13:04:05'),
('Annie', '20180103', 21, 1, '2018-01-28 13:04:05'),
('Annie', '20180103', 21, 3, '2018-01-28 13:04:05'),
('Annie', '20171230', 21, 1, '2018-01-28 13:04:05'),
('Alva', '20180102', 21, 1, '2018-01-28 13:04:05'),
('Alva', '20180102', 21, 5, '2018-01-28 13:04:05'),
('Alva', '20171230', 21, 5, '2018-01-28 13:04:05'),
('Alva', '20171231', 21, 5, '2018-01-28 13:04:05'),
('Alva', '20180104', 21, 5, '2018-01-28 13:04:05'),
('Aaron', '20171222', 21, 2, '2018-01-28 13:04:05'),
('Aaron', '20171223', 21, 2, '2018-01-28 13:04:05'),
('Aaron', '20171223', 21, 3, '2018-01-28 13:04:05'),
('Aaron', '20171230', 21, 1, '2018-01-28 13:04:05'),
('Aaron', '20171230', 21, 3, '2018-01-28 13:04:05'),
('谢林燕', '20180112', 21, 5, '2018-01-28 13:04:05'),
('谢林燕', '20171213', 21, 5, '2018-01-28 13:04:05'),
('谢林燕', '20171230', 21, 5, '2018-01-28 13:04:05'),
('Alva', '20171220', 21, 1, '2018-01-28 13:04:05'),
('Alva', '20171223', 21, 1, '2018-01-28 13:04:05'),
('Alva', '20171227', 21, 5, '2018-01-28 13:04:05'),
('佩真', '20180117', 21, 1, '2018-01-28 13:04:05'),
('佩真', '20180117', 21, 2, '2018-01-28 13:04:05'),
('佩真', '20180117', 21, 3, '2018-01-28 13:04:05'),
('佩真', '20180117', 21, 5, '2018-01-28 13:04:05'),
('熊艳', '20180117', 21, 1, '2018-01-28 13:04:05'),
('熊艳', '20180117', 21, 2, '2018-01-28 13:04:05'),
('熊艳', '20180117', 21, 3, '2018-01-28 13:04:05'),
('熊艳', '20180117', 21, 5, '2018-01-28 13:04:05'),
('楚瑞', '20180117', 21, 1, '2018-01-28 13:04:05'),
('长胜', '20180117', 21, 1, '2018-01-28 13:04:05'),
('秀勤', '20180117', 21, 1, '2018-01-28 13:04:05'),
('秀勤', '20180117', 21, 4, '2018-01-28 13:04:05'),
('秀勤', '20180117', 21, 5, '2018-01-28 13:04:05'),
('洪开春', '20180117', 21, 1, '2018-01-28 13:04:05'),
('洪开春', '20180117', 21, 2, '2018-01-28 13:04:05'),
('洪开春', '20180117', 21, 3, '2018-01-28 13:04:05'),
('洪开春', '20180117', 21, 5, '2018-01-28 13:04:05'),
('思闻', '20180117', 21, 1, '2018-01-28 13:04:05'),
('秀虹', '20180117', 21, 1, '2018-01-28 13:04:05'),
('杨威', '20180117', 21, 1, '2018-01-28 13:04:05'),
('王盼', '20180117', 21, 1, '2018-01-28 13:04:05'),
('田晗', '20180117', 21, 1, '2018-01-28 13:04:05'),
('田晗', '20180117', 21, 4, '2018-01-28 13:04:05'),
('田晗', '20180117', 21, 5, '2018-01-28 13:04:05'),
('廖敏', '20180117', 21, 1, '2018-01-28 13:04:05'),
('廖敏', '20180117', 21, 3, '2018-01-28 13:04:05'),
('李瑞蒙', '20180117', 21, 1, '2018-01-28 13:04:05'),
('李瑞蒙', '20180117', 21, 5, '2018-01-28 13:04:05'),
('明霞', '20180117', 21, 1, '2018-01-28 13:04:05'),
('明霞', '20180117', 21, 5, '2018-01-28 13:04:05'),
('Shirely', '20180117', 21, 1, '2018-01-28 13:04:05'),
('Shirely', '20180117', 21, 2, '2018-01-28 13:04:05'),
('刘静妮', '20180119', 21, 1, '2018-01-28 13:04:05'),
('刘静妮', '20180119', 21, 4, '2018-01-28 13:04:05'),
('Annie', '20180119', 21, 1, '2018-01-28 13:04:05'),
('Aaron', '20180119', 21, 1, '2018-01-28 13:04:05'),
('Aaron', '20180119', 21, 2, '2018-01-28 13:04:05'),
('Aaron', '20180119', 21, 3, '2018-01-28 13:04:05'),
('Winnie', '20180119', 21, 1, '2018-01-28 13:04:05'),
('Doris ', '20180119', 21, 1, '2018-01-28 13:04:05'),
('胡晖', '20180121', 21, 1, '2018-01-28 13:04:05'),
('胡晖', '20180121', 21, 5, '2018-01-28 13:04:05'),
('honeyrui', '20180121', 21, 1, '2018-01-28 13:04:05'),
('honeyrui', '20180121', 21, 3, '2018-01-28 13:04:05'),
('杨秀虹', '20180121', 21, 1, '2018-01-28 13:04:05'),
('杨秀虹', '20180121', 21, 4, '2018-01-28 13:04:05'),
('笑', '20180121', 21, 1, '2018-01-28 13:04:05'),
('黄晓婷', '20180121', 21, 1, '2018-01-28 13:04:05'),
('黄晓婷', '20180121', 21, 2, '2018-01-28 13:04:05'),
('秀勤', '20180121', 21, 1, '2018-01-28 13:04:05'),
('秀勤', '20180121', 21, 2, '2018-01-28 13:04:05'),
('秀勤', '20180121', 21, 5, '2018-01-28 13:04:05'),
('Shirely', '20180121', 21, 1, '2018-01-28 13:04:05'),
('Jenny', '20180121', 21, 1, '2018-01-28 13:04:05'),
('Jenny', '20180121', 21, 2, '2018-01-28 13:04:05'),
('Jenny', '20180121', 21, 3, '2018-01-28 13:04:05'),
('翠萍', '20180121', 21, 1, '2018-01-28 13:04:05'),
('翠萍', '20180121', 21, 3, '2018-01-28 13:04:05'),
('宏川', '20180121', 21, 1, '2018-01-28 13:04:05'),
('右洁', '20180121', 21, 1, '2018-01-28 13:04:05'),
('开春', '20180121', 21, 1, '2018-01-28 13:04:05'),
('开春', '20180121', 21, 2, '2018-01-28 13:04:05'),
('开春', '20180121', 21, 3, '2018-01-28 13:04:05'),
('林燕', '20180121', 21, 1, '2018-01-28 13:04:05'),
('林燕', '20180121', 21, 3, '2018-01-28 13:04:05'),
('林燕', '20180121', 21, 4, '2018-01-28 13:04:05'),
('林燕', '20180121', 21, 5, '2018-01-28 13:04:05'),
('刘静妮', '20180115', 21, 1, '2018-01-28 13:04:05'),
('刘静妮', '20180115', 21, 2, '2018-01-28 13:04:05'),
('刘静妮', '20180115', 21, 3, '2018-01-28 13:04:05'),
('刘静妮', '20180115', 21, 4, '2018-01-28 13:04:05'),
('刘静妮', '20180115', 21, 5, '2018-01-28 13:04:05'),
('张秋莲', '20180115', 21, 1, '2018-01-28 13:04:05'),
('张秋莲', '20180115', 21, 5, '2018-01-28 13:04:05'),
('温军军', '20180115', 21, 1, '2018-01-28 13:04:05'),
('温军军', '20180115', 21, 5, '2018-01-28 13:04:05'),
('邵辉', '20180115', 21, 1, '2018-01-28 13:04:05'),
('邵辉', '20180115', 21, 5, '2018-01-28 13:04:05'),
('Alva', '20180115', 21, 1, '2018-01-28 13:04:05'),
('Alva', '20180115', 21, 5, '2018-01-28 13:04:05'),
('笑笑', '20180115', 21, 1, '2018-01-28 13:04:05'),
('笑笑', '20180115', 21, 5, '2018-01-28 13:04:05'),
('水九齐', '20180115', 21, 1, '2018-01-28 13:04:05'),
('水九齐', '20180115', 21, 5, '2018-01-28 13:04:05'),
('洪开春', '20180115', 21, 1, '2018-01-28 13:04:05'),
('洪开春', '20180115', 21, 5, '2018-01-28 13:04:05'),
('秀虹', '20180115', 21, 1, '2018-01-28 13:04:05'),
('Nelson', '20180115', 21, 1, '2018-01-28 13:04:05'),
('Nelson', '20180115', 21, 4, '2018-01-28 13:04:05'),
('佩真', '20180115', 21, 1, '2018-01-28 13:04:05'),
('佩真', '20180115', 21, 2, '2018-01-28 13:04:05'),
('佩真', '20180115', 21, 3, '2018-01-28 13:04:05'),
('Charles', '20180115', 21, 1, '2018-01-28 13:04:05'),
('Christine', '20180115', 21, 1, '2018-01-28 13:04:05'),
('熊艳', '20180115', 21, 1, '2018-01-28 13:04:05'),
('王旭洪', '20180116', 21, 1, '2018-01-28 13:04:05'),
('王旭洪', '20180116', 21, 4, '2018-01-28 13:04:05'),
('王旭洪', '20180116', 21, 5, '2018-01-28 13:04:05'),
('笑笑', '20180116', 21, 1, '2018-01-28 13:04:05'),
('笑笑', '20180116', 21, 3, '2018-01-28 13:04:05'),
('笑笑', '20180116', 21, 5, '2018-01-28 13:04:05'),
('刘育宾', '20180116', 21, 1, '2018-01-28 13:04:05'),
('刘育宾', '20180116', 21, 5, '2018-01-28 13:04:05'),
('水九齐', '20180116', 21, 1, '2018-01-28 13:04:05'),
('水九齐', '20180116', 21, 2, '2018-01-28 13:04:05'),
('水九齐', '20180116', 21, 5, '2018-01-28 13:04:05'),
('Christine', '20180116', 21, 1, '2018-01-28 13:04:05'),
('Christine', '20180116', 21, 4, '2018-01-28 13:04:05'),
('Christine', '20180116', 21, 5, '2018-01-28 13:04:05'),
('Charles', '20180116', 21, 1, '2018-01-28 13:04:05'),
('Annie', '20180116', 21, 1, '2018-01-28 13:04:05'),
('Aaron', '20180116', 21, 1, '2018-01-28 13:04:05'),
('Aaron', '20180116', 21, 2, '2018-01-28 13:04:05'),
('Aaron', '20180116', 21, 3, '2018-01-28 13:04:05'),
('吴小玲', '20180118', 21, 1, '2018-01-28 13:04:05'),
('吴小玲', '20180118', 21, 3, '2018-01-28 13:04:05'),
('吴小玲', '20180118', 21, 4, '2018-01-28 13:04:05'),
('吴小玲', '20180118', 21, 5, '2018-01-28 13:04:05'),
('水九齐', '20180118', 21, 1, '2018-01-28 13:04:05'),
('水九齐', '20180118', 21, 2, '2018-01-28 13:04:05'),
('水九齐', '20180118', 21, 5, '2018-01-28 13:04:05'),
('Lilian', '20180118', 21, 1, '2018-01-28 13:04:05'),
('Lilian', '20180118', 21, 2, '2018-01-28 13:04:05'),
('Lilian', '20180118', 21, 5, '2018-01-28 13:04:05'),
('杨志强', '20180118', 21, 1, '2018-01-28 13:04:05'),
('杨志强', '20180118', 21, 4, '2018-01-28 13:04:05'),
('肖桂林', '20180118', 21, 1, '2018-01-28 13:04:05'),
('胡晖', '20180118', 21, 1, '2018-01-28 13:04:05'),
('Sophy', '20180118', 21, 1, '2018-01-28 13:04:05'),
('温军军', '20180118', 21, 1, '2018-01-28 13:04:05'),
('温军军', '20180118', 21, 5, '2018-01-28 13:04:05'),
('谢青香', '20180118', 21, 1, '2018-01-28 13:04:05'),
('谢青香', '20180118', 21, 3, '2018-01-28 13:04:05'),
('谢青香', '20180118', 21, 5, '2018-01-28 13:04:05'),
('舒玉', '20180118', 21, 1, '2018-01-28 13:04:05'),
('启', '20180118', 21, 1, '2018-01-28 13:04:05'),
('启', '20180118', 21, 2, '2018-01-28 13:04:05'),
('启', '20180118', 21, 5, '2018-01-28 13:04:05'),
('Licky', '20180118', 21, 1, '2018-01-28 13:04:05'),
('田晗', '20180120', 21, 1, '2018-01-28 13:04:05'),
('田晗', '20180120', 21, 4, '2018-01-28 13:04:05'),
('田晗', '20180120', 21, 5, '2018-01-28 13:04:05'),
('廖敏', '20180120', 21, 1, '2018-01-28 13:04:05'),
('廖敏', '20180120', 21, 5, '2018-01-28 13:04:05'),
('水九齐', '20180120', 21, 1, '2018-01-28 13:04:05'),
('水九齐', '20180120', 21, 5, '2018-01-28 13:04:05'),
('贾森', '20180120', 21, 1, '2018-01-28 13:04:05'),
('贾森', '20180120', 21, 2, '2018-01-28 13:04:05'),
('贾森', '20180120', 21, 5, '2018-01-28 13:04:05'),
('Shirely', '20180120', 21, 1, '2018-01-28 13:04:05'),
('Shirely', '20180120', 21, 3, '2018-01-28 13:04:05'),
('Charles', '20180120', 21, 1, '2018-01-28 13:04:05'),
('Charles', '20180120', 21, 4, '2018-01-28 13:04:05'),
('熊艳', '20180120', 21, 1, '2018-01-28 13:04:05'),
('熊艳', '20180120', 21, 3, '2018-01-28 13:04:05'),
('Lilian', '20180120', 21, 1, '2018-01-28 13:04:05'),
('Doris', '20180120', 21, 1, '2018-01-28 13:04:05'),
('Doris', '20180120', 21, 2, '2018-01-28 13:04:05'),
('杨志强', '20180117', 21, 1, '2018-01-28 13:04:05'),
('杨志强', '20180117', 21, 4, '2018-01-28 13:04:05'),
('Shelley', '20180117', 21, 1, '2018-01-28 13:04:05'),
('Lilian', '20180117', 21, 1, '2018-01-28 13:04:05'),
('Charles', '20180117', 21, 1, '2018-01-28 13:04:05'),
('Charles', '20180117', 21, 3, '2018-01-28 13:04:05'),
('Charles', '20180117', 21, 5, '2018-01-28 13:04:05'),
('肖桂林', '20180117', 21, 1, '2018-01-28 13:04:05'),
('肖桂林', '20180117', 21, 5, '2018-01-28 13:04:05'),
('笑笑', '20180117', 21, 1, '2018-01-28 13:04:05'),
('笑笑', '20180117', 21, 2, '2018-01-28 13:04:05'),
('黄叶', '20180117', 21, 1, '2018-01-28 13:04:05'),
('黄叶', '20180117', 21, 5, '2018-01-28 13:04:05'),
('Nelson', '20180117', 21, 1, '2018-01-28 13:04:05'),
('Aaron', '20171222', 21, 3, '2018-01-28 13:04:05'),
('Aaron', '20171222', 21, 5, '2018-01-28 13:04:05'),
('Aaron', '20171223', 21, 5, '2018-01-28 13:04:05'),
('Aaron', '20171230', 21, 5, '2018-01-28 13:04:05'),
('Aaron', '20180113', 21, 5, '2018-01-28 13:04:05'),
('Aaron', '20180116', 21, 5, '2018-01-28 13:04:05'),
('Aaron', '20180119', 21, 5, '2018-01-28 13:04:05'),
('ojVEl0XuK00Wthcppktt5rVu-9DA', '20180128', 2030, 1, '2018-01-28 13:13:17'),
('ojVEl0XuK00Wthcppktt5rVu-9DA', '20180128', 2030, 2, '2018-01-28 13:13:17'),
('ojVEl0XuK00Wthcppktt5rVu-9DA', '20180128', 2030, 5, '2018-01-28 13:13:17'),
('ojVEl0XuK00Wthcppktt5rVu-9DA', '20180127', 2030, 1, '2018-01-28 13:40:24'),
('ojVEl0XuK00Wthcppktt5rVu-9DA', '20180127', 2030, 2, '2018-01-28 13:40:24'),
('ojVEl0XuK00Wthcppktt5rVu-9DA', '20180127', 2030, 3, '2018-01-28 13:40:24'),
('ojVEl0XuK00Wthcppktt5rVu-9DA', '20180126', 2030, 1, '2018-01-28 13:40:32'),
('ojVEl0XuK00Wthcppktt5rVu-9DA', '20180126', 2030, 2, '2018-01-28 13:40:32');
INSERT INTO `user_score_detail` (`user_id`, `meeting_date`, `meeting_time`, `score_type`, `create_date`) VALUES
('ojVEl0XuK00Wthcppktt5rVu-9DA', '20180126', 2030, 3, '2018-01-28 13:40:32');

-- --------------------------------------------------------

--
-- 表的结构 `user_score_detail1`
--

CREATE TABLE `user_score_detail1` (
  `user_id` varchar(30) NOT NULL COMMENT '用户ID',
  `meeting_date` varchar(8) DEFAULT NULL COMMENT '会议日期',
  `meeting_time` varchar(4) NOT NULL DEFAULT '21' COMMENT '会议场次',
  `score_type` int(1) NOT NULL COMMENT '积分类型（1、参会；2、演讲获奖；3、点评获奖；4,、主持；5、复盘）',
  `create_date` timestamp NOT NULL DEFAULT CURRENT_TIMESTAMP,
  `modify_date` timestamp NOT NULL DEFAULT CURRENT_TIMESTAMP
) ENGINE=InnoDB DEFAULT CHARSET=utf8 COMMENT='积分明细表';

--
-- 转存表中的数据 `user_score_detail1`
--

INSERT INTO `user_score_detail1` (`user_id`, `meeting_date`, `meeting_time`, `score_type`, `create_date`, `modify_date`) VALUES
('Claire', '20171228', '21', 3, '2018-01-24 09:30:38', '2018-01-24 09:30:38'),
('陈斯', '20171221', '21', 1, '2018-01-24 09:30:38', '2018-01-24 09:30:38'),
('陈斯', '20171221', '21', 5, '2018-01-24 09:30:38', '2018-01-24 09:30:38'),
('陈斯', '20171221', '21', 2, '2018-01-24 09:30:38', '2018-01-24 09:30:38'),
('孙娟', '20171224', '21', 1, '2018-01-24 09:30:38', '2018-01-24 09:30:38'),
('Aaron', '20171222', '21', 1, '2018-01-24 09:30:38', '2018-01-24 09:30:38'),
('Aaron', '20171223', '21', 1, '2018-01-24 09:30:38', '2018-01-24 09:30:38'),
('Aaron', '20171224', '21', 1, '2018-01-24 09:30:38', '2018-01-24 09:30:38'),
('Aaron', '20171224', '21', 5, '2018-01-24 09:30:38', '2018-01-24 09:30:38'),
('Aaron', '20171224', '21', 3, '2018-01-24 09:30:38', '2018-01-24 09:30:38'),
('Alice', '20171221', '21', 1, '2018-01-24 09:30:38', '2018-01-24 09:30:38'),
('Alice', '20171221', '21', 5, '2018-01-24 09:30:38', '2018-01-24 09:30:38'),
('Alice', '20171225', '21', 1, '2018-01-24 09:30:38', '2018-01-24 09:30:38'),
('Alva', '20180101', '21', 1, '2018-01-24 09:30:38', '2018-01-24 09:30:38'),
('Alva', '20180101', '21', 5, '2018-01-24 09:30:38', '2018-01-24 09:30:38'),
('Alva', '20180104', '21', 1, '2018-01-24 09:30:38', '2018-01-24 09:30:38'),
('Alva', '20171227', '21', 1, '2018-01-24 09:30:38', '2018-01-24 09:30:38'),
('Alva', '20180107', '21', 1, '2018-01-24 09:30:38', '2018-01-24 09:30:38'),
('Alva', '20180107', '21', 4, '2018-01-24 09:30:38', '2018-01-24 09:30:38'),
('Alva', '20171227', '21', 2, '2018-01-24 09:30:38', '2018-01-24 09:30:38'),
('Alva', '20180107', '21', 5, '2018-01-24 09:30:38', '2018-01-24 09:30:38'),
('Alva', '20171230', '21', 1, '2018-01-24 09:30:38', '2018-01-24 09:30:38'),
('Alva', '20171231', '21', 1, '2018-01-24 09:30:38', '2018-01-24 09:30:38'),
('Alva', '20171231', '21', 3, '2018-01-24 09:30:38', '2018-01-24 09:30:38'),
('Annie', '20180105', '21', 1, '2018-01-24 09:30:38', '2018-01-24 09:30:38'),
('Annie', '20180105', '21', 2, '2018-01-24 09:30:38', '2018-01-24 09:30:38'),
('Annie', '20171228', '21', 2, '2018-01-24 09:30:38', '2018-01-24 09:30:38'),
('Annie', '20180106', '21', 1, '2018-01-24 09:30:38', '2018-01-24 09:30:38'),
('Annie', '20180101', '21', 1, '2018-01-24 09:30:38', '2018-01-24 09:30:38'),
('Annie', '20171228', '21', 1, '2018-01-24 09:30:38', '2018-01-24 09:30:38'),
('Charles', '20171207', '21', 1, '2018-01-24 09:30:38', '2018-01-24 09:30:38'),
('Charles', '20171207', '21', 2, '2018-01-24 09:30:38', '2018-01-24 09:30:38'),
('Charles', '20171208', '21', 1, '2018-01-24 09:30:38', '2018-01-24 09:30:38'),
('Charles', '20171208', '21', 4, '2018-01-24 09:30:38', '2018-01-24 09:30:38'),
('Charles', '20171211', '21', 1, '2018-01-24 09:30:38', '2018-01-24 09:30:38'),
('Charles', '20171211', '21', 4, '2018-01-24 09:30:38', '2018-01-24 09:30:38'),
('Charles', '20171211', '21', 2, '2018-01-24 09:30:38', '2018-01-24 09:30:38'),
('Charles', '20171212', '21', 1, '2018-01-24 09:30:38', '2018-01-24 09:30:38'),
('Charles', '20171212', '21', 2, '2018-01-24 09:30:38', '2018-01-24 09:30:38'),
('Charles', '20171216', '21', 1, '2018-01-24 09:30:38', '2018-01-24 09:30:38'),
('Charles', '20171216', '21', 5, '2018-01-24 09:30:38', '2018-01-24 09:30:38'),
('Charles', '20171216', '21', 4, '2018-01-24 09:30:38', '2018-01-24 09:30:38'),
('Charles', '20171216', '21', 2, '2018-01-24 09:30:38', '2018-01-24 09:30:38'),
('Charles', '20171217', '21', 1, '2018-01-24 09:30:38', '2018-01-24 09:30:38'),
('Charles', '20171217', '21', 5, '2018-01-24 09:30:38', '2018-01-24 09:30:38'),
('Charles', '20171217', '21', 2, '2018-01-24 09:30:38', '2018-01-24 09:30:38'),
('Charles', '20171218', '21', 1, '2018-01-24 09:30:38', '2018-01-24 09:30:38'),
('Charles', '20171219', '21', 1, '2018-01-24 09:30:38', '2018-01-24 09:30:38'),
('Charles', '20171222', '21', 1, '2018-01-24 09:30:38', '2018-01-24 09:30:38'),
('Charles', '20171223', '21', 1, '2018-01-24 09:30:38', '2018-01-24 09:30:38'),
('Charles', '20171223', '21', 5, '2018-01-24 09:30:38', '2018-01-24 09:30:38'),
('Charles', '20171223', '21', 4, '2018-01-24 09:30:38', '2018-01-24 09:30:38'),
('Charles', '20171224', '21', 1, '2018-01-24 09:30:38', '2018-01-24 09:30:38'),
('Charles', '20171224', '21', 2, '2018-01-24 09:30:38', '2018-01-24 09:30:38'),
('Charles', '20171225', '21', 1, '2018-01-24 09:30:38', '2018-01-24 09:30:38'),
('Charles', '20171228', '21', 1, '2018-01-24 09:30:38', '2018-01-24 09:30:38'),
('Charles', '20171228', '21', 5, '2018-01-24 09:30:38', '2018-01-24 09:30:38'),
('Charles', '20171229', '21', 1, '2018-01-24 09:30:38', '2018-01-24 09:30:38'),
('Charles', '20171229', '21', 3, '2018-01-24 09:30:38', '2018-01-24 09:30:38'),
('Charles', '20171231', '21', 1, '2018-01-24 09:30:38', '2018-01-24 09:30:38'),
('Charles', '20180104', '21', 2, '2018-01-24 09:30:38', '2018-01-24 09:30:38'),
('Charles', '20180104', '21', 1, '2018-01-24 09:30:38', '2018-01-24 09:30:38'),
('Charles', '20180104', '21', 1, '2018-01-24 09:30:38', '2018-01-24 09:30:38'),
('Charles', '20180104', '21', 4, '2018-01-24 09:30:38', '2018-01-24 09:30:38'),
('Charles', '20180105', '21', 1, '2018-01-24 09:30:38', '2018-01-24 09:30:38'),
('Charles', '20180105', '21', 1, '2018-01-24 09:30:38', '2018-01-24 09:30:38'),
('Charles', '20180105', '21', 4, '2018-01-24 09:30:38', '2018-01-24 09:30:38'),
('Christine', '20171212', '21', 1, '2018-01-24 09:30:38', '2018-01-24 09:30:38'),
('Christine', '20171212', '21', 5, '2018-01-24 09:30:38', '2018-01-24 09:30:38'),
('Christine', '20171213', '21', 1, '2018-01-24 09:30:38', '2018-01-24 09:30:38'),
('Christine', '20171221', '21', 5, '2018-01-24 09:30:38', '2018-01-24 09:30:38'),
('Christine', '20171226', '21', 1, '2018-01-24 09:30:38', '2018-01-24 09:30:38'),
('Christine', '20171226', '21', 2, '2018-01-24 09:30:38', '2018-01-24 09:30:38'),
('Christine', '20171221', '21', 1, '2018-01-24 09:30:38', '2018-01-24 09:30:38'),
('Claire', '20171228', '21', 1, '2018-01-24 09:30:38', '2018-01-24 09:30:38'),
('Claire', '20171229', '21', 1, '2018-01-24 09:30:38', '2018-01-24 09:30:38'),
('Doris', '20180104', '21', 1, '2018-01-24 09:30:38', '2018-01-24 09:30:38'),
('熊艳', '20180104', '21', 1, '2018-01-24 09:30:38', '2018-01-24 09:30:38'),
('熊艳', '20180104', '21', 3, '2018-01-24 09:30:38', '2018-01-24 09:30:38'),
('熊艳', '20171225', '21', 1, '2018-01-24 09:30:38', '2018-01-24 09:30:38'),
('Gina', '20180104', '21', 1, '2018-01-24 09:30:38', '2018-01-24 09:30:38'),
('Gina', '20180104', '21', 2, '2018-01-24 09:30:38', '2018-01-24 09:30:38'),
('Gina', '20171231', '21', 1, '2018-01-24 09:30:38', '2018-01-24 09:30:38'),
('Gino', '20171227', '21', 1, '2018-01-24 09:30:38', '2018-01-24 09:30:38'),
('Gino', '20171227', '21', 3, '2018-01-24 09:30:38', '2018-01-24 09:30:38'),
('Gino', '20171227', '21', 2, '2018-01-24 09:30:38', '2018-01-24 09:30:38'),
('大仁', '20171217', '21', 1, '2018-01-24 09:30:38', '2018-01-24 09:30:38'),
('Jasson', '20171217', '21', 1, '2018-01-24 09:30:38', '2018-01-24 09:30:38'),
('Jasson', '20171224', '21', 1, '2018-01-24 09:30:38', '2018-01-24 09:30:38'),
('Jasson', '20180106', '21', 1, '2018-01-24 09:30:38', '2018-01-24 09:30:38'),
('Jasson', '20180107', '21', 1, '2018-01-24 09:30:38', '2018-01-24 09:30:38'),
('刘静妮', '20180103', '21', 1, '2018-01-24 09:30:38', '2018-01-24 09:30:38'),
('刘静妮', '20180103', '21', 4, '2018-01-24 09:30:38', '2018-01-24 09:30:38'),
('JimHuang', '20171211', '21', 1, '2018-01-24 09:30:38', '2018-01-24 09:30:38'),
('JimHuang', '20171221', '21', 1, '2018-01-24 09:30:38', '2018-01-24 09:30:38'),
('Licky', '20171207', '21', 1, '2018-01-24 09:30:38', '2018-01-24 09:30:38'),
('Licky', '20171207', '21', 4, '2018-01-24 09:30:38', '2018-01-24 09:30:38'),
('Licky', '20171211', '21', 1, '2018-01-24 09:30:38', '2018-01-24 09:30:38'),
('Licky', '20171211', '21', 3, '2018-01-24 09:30:38', '2018-01-24 09:30:38'),
('Licky', '20171212', '21', 1, '2018-01-24 09:30:38', '2018-01-24 09:30:38'),
('Licky', '20171214', '21', 1, '2018-01-24 09:30:38', '2018-01-24 09:30:38'),
('Licky', '20171214', '21', 4, '2018-01-24 09:30:38', '2018-01-24 09:30:38'),
('Licky', '20171214', '21', 3, '2018-01-24 09:30:38', '2018-01-24 09:30:38'),
('Licky', '20171215', '21', 1, '2018-01-24 09:30:38', '2018-01-24 09:30:38'),
('Licky', '20171215', '21', 2, '2018-01-24 09:30:38', '2018-01-24 09:30:38'),
('Licky', '20171218', '21', 1, '2018-01-24 09:30:38', '2018-01-24 09:30:38'),
('Licky', '20171218', '21', 4, '2018-01-24 09:30:38', '2018-01-24 09:30:38'),
('Licky', '20171221', '21', 1, '2018-01-24 09:30:38', '2018-01-24 09:30:38'),
('Licky', '20171221', '21', 4, '2018-01-24 09:30:38', '2018-01-24 09:30:38'),
('Licky', '20171221', '21', 3, '2018-01-24 09:30:38', '2018-01-24 09:30:38'),
('Licky', '20180104', '21', 1, '2018-01-24 09:30:38', '2018-01-24 09:30:38'),
('Licky', '20180104', '21', 5, '2018-01-24 09:30:38', '2018-01-24 09:30:38'),
('Licky', '20180104', '21', 4, '2018-01-24 09:30:38', '2018-01-24 09:30:38'),
('Licky', '20180104', '21', 2, '2018-01-24 09:30:38', '2018-01-24 09:30:38'),
('Lilian', '20171208', '21', 1, '2018-01-24 09:30:38', '2018-01-24 09:30:38'),
('Lilian', '20171216', '21', 1, '2018-01-24 09:30:38', '2018-01-24 09:30:38'),
('Lilian', '20171216', '21', 5, '2018-01-24 09:30:38', '2018-01-24 09:30:38'),
('Lilian', '20171216', '21', 3, '2018-01-24 09:30:38', '2018-01-24 09:30:38'),
('Lily', '20180107', '21', 1, '2018-01-24 09:30:38', '2018-01-24 09:30:38'),
('LilyWu', '20180102', '21', 1, '2018-01-24 09:30:38', '2018-01-24 09:30:38'),
('Lindy', '20171208', '21', 1, '2018-01-24 09:30:38', '2018-01-24 09:30:38'),
('Lindy', '20171211', '21', 1, '2018-01-24 09:30:38', '2018-01-24 09:30:38'),
('Lindy', '20171211', '21', 5, '2018-01-24 09:30:38', '2018-01-24 09:30:38'),
('Lindy', '20171211', '21', 4, '2018-01-24 09:30:38', '2018-01-24 09:30:38'),
('Lindy', '20171212', '21', 1, '2018-01-24 09:30:38', '2018-01-24 09:30:38'),
('Lindy', '20171212', '21', 5, '2018-01-24 09:30:38', '2018-01-24 09:30:38'),
('Lindy', '20171212', '21', 4, '2018-01-24 09:30:38', '2018-01-24 09:30:38'),
('Lindy', '20171215', '21', 1, '2018-01-24 09:30:38', '2018-01-24 09:30:38'),
('Lindy', '20171215', '21', 3, '2018-01-24 09:30:38', '2018-01-24 09:30:38'),
('Lindy', '20171216', '21', 1, '2018-01-24 09:30:38', '2018-01-24 09:30:38'),
('Lindy', '20171219', '21', 1, '2018-01-24 09:30:38', '2018-01-24 09:30:38'),
('Lindy', '20171219', '21', 4, '2018-01-24 09:30:38', '2018-01-24 09:30:38'),
('Lindy', '20171223', '21', 1, '2018-01-24 09:30:38', '2018-01-24 09:30:38'),
('Lindy', '20171223', '21', 3, '2018-01-24 09:30:38', '2018-01-24 09:30:38'),
('Lindy', '20171225', '21', 1, '2018-01-24 09:30:38', '2018-01-24 09:30:38'),
('Lindy', '20171226', '21', 1, '2018-01-24 09:30:38', '2018-01-24 09:30:38'),
('Lindy', '20171226', '21', 3, '2018-01-24 09:30:38', '2018-01-24 09:30:38'),
('Lindy', '20171228', '21', 1, '2018-01-24 09:30:38', '2018-01-24 09:30:38'),
('Lindy', '20180104', '21', 1, '2018-01-24 09:30:38', '2018-01-24 09:30:38'),
('Lindy', '20171225', '21', 4, '2018-01-24 09:30:38', '2018-01-24 09:30:38'),
('Lindy', '20171226', '21', 4, '2018-01-24 09:30:38', '2018-01-24 09:30:38'),
('Lindy', '20180104', '21', 3, '2018-01-24 09:30:38', '2018-01-24 09:30:38'),
('王旭洪', '20180104', '21', 1, '2018-01-24 09:30:38', '2018-01-24 09:30:38'),
('Nancy', '20180103', '21', 1, '2018-01-24 09:30:38', '2018-01-24 09:30:38'),
('Nancy', '20180107', '21', 1, '2018-01-24 09:30:38', '2018-01-24 09:30:38'),
('Nelson', '20171214', '21', 1, '2018-01-24 09:30:38', '2018-01-24 09:30:38'),
('Nelson', '20171215', '21', 1, '2018-01-24 09:30:38', '2018-01-24 09:30:38'),
('Nelson', '20171215', '21', 3, '2018-01-24 09:30:38', '2018-01-24 09:30:38'),
('Nelson', '20171216', '21', 1, '2018-01-24 09:30:38', '2018-01-24 09:30:38'),
('Nelson', '20171216', '21', 4, '2018-01-24 09:30:38', '2018-01-24 09:30:38'),
('Nelson', '20171216', '21', 2, '2018-01-24 09:30:38', '2018-01-24 09:30:38'),
('Nelson', '20171218', '21', 1, '2018-01-24 09:30:38', '2018-01-24 09:30:38'),
('Nelson', '20171218', '21', 3, '2018-01-24 09:30:38', '2018-01-24 09:30:38'),
('Nelson', '20171218', '21', 2, '2018-01-24 09:30:38', '2018-01-24 09:30:38'),
('Nelson', '20171219', '21', 1, '2018-01-24 09:30:38', '2018-01-24 09:30:38'),
('Nelson', '20171219', '21', 3, '2018-01-24 09:30:38', '2018-01-24 09:30:38'),
('Nelson', '20171220', '21', 1, '2018-01-24 09:30:38', '2018-01-24 09:30:38'),
('Nelson', '20171220', '21', 3, '2018-01-24 09:30:38', '2018-01-24 09:30:38'),
('Nelson', '20171223', '21', 1, '2018-01-24 09:30:38', '2018-01-24 09:30:38'),
('Nelson', '20171223', '21', 2, '2018-01-24 09:30:38', '2018-01-24 09:30:38'),
('Nelson', '20171228', '21', 1, '2018-01-24 09:30:38', '2018-01-24 09:30:38'),
('Nelson', '20171228', '21', 2, '2018-01-24 09:30:38', '2018-01-24 09:30:38'),
('Nelson', '20171228', '21', 3, '2018-01-24 09:30:38', '2018-01-24 09:30:38'),
('Nelson', '20180101', '21', 2, '2018-01-24 09:30:38', '2018-01-24 09:30:38'),
('Nelson', '20180105', '21', 1, '2018-01-24 09:30:38', '2018-01-24 09:30:38'),
('Nelson', '20180105', '21', 3, '2018-01-24 09:30:38', '2018-01-24 09:30:38'),
('Nelson', '20180105', '21', 2, '2018-01-24 09:30:38', '2018-01-24 09:30:38'),
('Nelson', '20180101', '21', 1, '2018-01-24 09:30:38', '2018-01-24 09:30:38'),
('腾东', '20180104', '21', 1, '2018-01-24 09:30:38', '2018-01-24 09:30:38'),
('腾东', '20171231', '21', 1, '2018-01-24 09:30:38', '2018-01-24 09:30:38'),
('腾东', '20171231', '21', 5, '2018-01-24 09:30:38', '2018-01-24 09:30:38'),
('Phyllis', '20171220', '21', 1, '2018-01-24 09:30:38', '2018-01-24 09:30:38'),
('Phyllis', '20171220', '21', 5, '2018-01-24 09:30:38', '2018-01-24 09:30:38'),
('Phyllis', '20171220', '21', 2, '2018-01-24 09:30:38', '2018-01-24 09:30:38'),
('Robert', '20171211', '21', 1, '2018-01-24 09:30:38', '2018-01-24 09:30:38'),
('Robert', '20171218', '21', 1, '2018-01-24 09:30:38', '2018-01-24 09:30:38'),
('Sophy', '20171213', '21', 1, '2018-01-24 09:30:38', '2018-01-24 09:30:38'),
('Sophy', '20171214', '21', 1, '2018-01-24 09:30:38', '2018-01-24 09:30:38'),
('Sophy', '20171219', '21', 1, '2018-01-24 09:30:38', '2018-01-24 09:30:38'),
('Sophy', '20171220', '21', 1, '2018-01-24 09:30:38', '2018-01-24 09:30:38'),
('Sophy', '20171220', '21', 5, '2018-01-24 09:30:38', '2018-01-24 09:30:38'),
('Sophy', '20171227', '21', 1, '2018-01-24 09:30:38', '2018-01-24 09:30:38'),
('Sue2', '20180103', '21', 1, '2018-01-24 09:30:38', '2018-01-24 09:30:38'),
('Trena丹丹', '20180103', '21', 1, '2018-01-24 09:30:38', '2018-01-24 09:30:38'),
('Winnie', '20171210', '21', 1, '2018-01-24 09:30:38', '2018-01-24 09:30:38'),
('王宝林', '20171220', '21', 1, '2018-01-24 09:30:38', '2018-01-24 09:30:38'),
('王宝林', '20171224', '21', 1, '2018-01-24 09:30:38', '2018-01-24 09:30:38'),
('王宝林', '20180107', '21', 1, '2018-01-24 09:30:38', '2018-01-24 09:30:38'),
('陈辉', '20171212', '21', 1, '2018-01-24 09:30:38', '2018-01-24 09:30:38'),
('陈辉', '20171219', '21', 1, '2018-01-24 09:30:38', '2018-01-24 09:30:38'),
('陈辉', '20171222', '21', 1, '2018-01-24 09:30:38', '2018-01-24 09:30:38'),
('程英', '20171222', '21', 1, '2018-01-24 09:30:38', '2018-01-24 09:30:38'),
('程英', '20171229', '21', 1, '2018-01-24 09:30:38', '2018-01-24 09:30:38'),
('程英', '20171229', '21', 2, '2018-01-24 09:30:38', '2018-01-24 09:30:38'),
('大海', '20180104', '21', 1, '2018-01-24 09:30:38', '2018-01-24 09:30:38'),
('大仁', '20171217', '21', 5, '2018-01-24 09:30:38', '2018-01-24 09:30:38'),
('戴冰', '20171223', '21', 1, '2018-01-24 09:30:38', '2018-01-24 09:30:38'),
('戴冰', '20171223', '21', 2, '2018-01-24 09:30:38', '2018-01-24 09:30:38'),
('穆丹丹', '20180107', '21', 1, '2018-01-24 09:30:38', '2018-01-24 09:30:38'),
('穆丹丹', '20180107', '21', 2, '2018-01-24 09:30:38', '2018-01-24 09:30:38'),
('穆丹丹', '20171224', '21', 1, '2018-01-24 09:30:38', '2018-01-24 09:30:38'),
('穆丹丹', '20171224', '21', 2, '2018-01-24 09:30:38', '2018-01-24 09:30:38'),
('王丹凤', '20171216', '21', 1, '2018-01-24 09:30:38', '2018-01-24 09:30:38'),
('王丹凤', '20171216', '21', 5, '2018-01-24 09:30:38', '2018-01-24 09:30:38'),
('樊瑞瑞', '20171213', '21', 1, '2018-01-24 09:30:38', '2018-01-24 09:30:38'),
('樊瑞瑞', '20171223', '21', 1, '2018-01-24 09:30:38', '2018-01-24 09:30:38'),
('樊瑞瑞', '20171223', '21', 5, '2018-01-24 09:30:38', '2018-01-24 09:30:38'),
('淦光', '20171207', '21', 1, '2018-01-24 09:30:38', '2018-01-24 09:30:38'),
('淦光', '20171208', '21', 1, '2018-01-24 09:30:38', '2018-01-24 09:30:38'),
('淦光', '20171214', '21', 1, '2018-01-24 09:30:38', '2018-01-24 09:30:38'),
('郜丽芹', '20171223', '21', 1, '2018-01-24 09:30:38', '2018-01-24 09:30:38'),
('郝春娟', '20171223', '21', 1, '2018-01-24 09:30:38', '2018-01-24 09:30:38'),
('浩浩', '20171208', '21', 1, '2018-01-24 09:30:38', '2018-01-24 09:30:38'),
('浩浩', '20171208', '21', 2, '2018-01-24 09:30:38', '2018-01-24 09:30:38'),
('浩浩', '20171224', '21', 1, '2018-01-24 09:30:38', '2018-01-24 09:30:38'),
('浩浩', '20171224', '21', 3, '2018-01-24 09:30:38', '2018-01-24 09:30:38'),
('何鹏', '20171224', '21', 1, '2018-01-24 09:30:38', '2018-01-24 09:30:38'),
('何鹏', '20171224', '21', 2, '2018-01-24 09:30:38', '2018-01-24 09:30:38'),
('洪开春', '20171226', '21', 1, '2018-01-24 09:30:38', '2018-01-24 09:30:38'),
('洪开春', '20171226', '21', 5, '2018-01-24 09:30:38', '2018-01-24 09:30:38'),
('洪开春', '20171228', '21', 1, '2018-01-24 09:30:38', '2018-01-24 09:30:38'),
('洪开春', '20171231', '21', 1, '2018-01-24 09:30:38', '2018-01-24 09:30:38'),
('洪开春', '20180101', '21', 1, '2018-01-24 09:30:38', '2018-01-24 09:30:38'),
('洪梅', '20171217', '21', 1, '2018-01-24 09:30:38', '2018-01-24 09:30:38'),
('洪涛', '20171224', '21', 1, '2018-01-24 09:30:38', '2018-01-24 09:30:38'),
('胡晖', '20171231', '21', 1, '2018-01-24 09:30:38', '2018-01-24 09:30:38'),
('胡一刀', '20180107', '21', 1, '2018-01-24 09:30:38', '2018-01-24 09:30:38'),
('黄芳', '20180102', '21', 1, '2018-01-24 09:30:38', '2018-01-24 09:30:38'),
('黄光紫', '20171223', '21', 1, '2018-01-24 09:30:38', '2018-01-24 09:30:38'),
('黄光紫', '20171229', '21', 1, '2018-01-24 09:30:38', '2018-01-24 09:30:38'),
('黄光紫', '20171229', '21', 4, '2018-01-24 09:30:38', '2018-01-24 09:30:38'),
('黄晓婷', '20171224', '21', 1, '2018-01-24 09:30:38', '2018-01-24 09:30:38'),
('黄晓婷', '20171228', '21', 1, '2018-01-24 09:30:38', '2018-01-24 09:30:38'),
('黄晓婷', '20171228', '21', 4, '2018-01-24 09:30:38', '2018-01-24 09:30:38'),
('黄叶', '20171218', '21', 1, '2018-01-24 09:30:38', '2018-01-24 09:30:38'),
('黄叶', '20180101', '21', 1, '2018-01-24 09:30:38', '2018-01-24 09:30:38'),
('黄右杰', '20171224', '21', 1, '2018-01-24 09:30:38', '2018-01-24 09:30:38'),
('洪开春', '20171231', '21', 1, '2018-01-24 09:30:38', '2018-01-24 09:30:38'),
('凯琴', '20171217', '21', 1, '2018-01-24 09:30:38', '2018-01-24 09:30:38'),
('李东耀', '20171222', '21', 1, '2018-01-24 09:30:38', '2018-01-24 09:30:38'),
('李东耀', '20180104', '21', 1, '2018-01-24 09:30:38', '2018-01-24 09:30:38'),
('李新海', '20171228', '21', 1, '2018-01-24 09:30:38', '2018-01-24 09:30:38'),
('李昱', '20171228', '21', 1, '2018-01-24 09:30:38', '2018-01-24 09:30:38'),
('李昱', '20171228', '21', 5, '2018-01-24 09:30:38', '2018-01-24 09:30:38'),
('李昱', '20171228', '21', 3, '2018-01-24 09:30:38', '2018-01-24 09:30:38'),
('莉莉', '20171225', '21', 1, '2018-01-24 09:30:38', '2018-01-24 09:30:38'),
('莉莉', '20171224', '21', 1, '2018-01-24 09:30:38', '2018-01-24 09:30:38'),
('良友雅集', '20180102', '21', 1, '2018-01-24 09:30:38', '2018-01-24 09:30:38'),
('梁敏仪', '20171217', '21', 1, '2018-01-24 09:30:38', '2018-01-24 09:30:38'),
('梁敏仪', '20171219', '21', 1, '2018-01-24 09:30:38', '2018-01-24 09:30:38'),
('梁文慧', '20171223', '21', 1, '2018-01-24 09:30:38', '2018-01-24 09:30:38'),
('梁文慧', '20171228', '21', 1, '2018-01-24 09:30:38', '2018-01-24 09:30:38'),
('林翠萍', '20171221', '21', 1, '2018-01-24 09:30:38', '2018-01-24 09:30:38'),
('林翠萍', '20171221', '21', 5, '2018-01-24 09:30:38', '2018-01-24 09:30:38'),
('林翠萍', '20171229', '21', 1, '2018-01-24 09:30:38', '2018-01-24 09:30:38'),
('林丽娜', '20171222', '21', 1, '2018-01-24 09:30:38', '2018-01-24 09:30:38'),
('谢林燕', '20171231', '21', 1, '2018-01-24 09:30:38', '2018-01-24 09:30:38'),
('刘静妮', '20171209', '21', 1, '2018-01-24 09:30:38', '2018-01-24 09:30:38'),
('刘静妮', '20171209', '21', 5, '2018-01-24 09:30:38', '2018-01-24 09:30:38'),
('刘静妮', '20171209', '21', 2, '2018-01-24 09:30:38', '2018-01-24 09:30:38'),
('刘静妮', '20171217', '21', 1, '2018-01-24 09:30:38', '2018-01-24 09:30:38'),
('刘静妮', '20171217', '21', 4, '2018-01-24 09:30:38', '2018-01-24 09:30:38'),
('刘静妮', '20171217', '21', 3, '2018-01-24 09:30:38', '2018-01-24 09:30:38'),
('刘静妮', '20171220', '21', 1, '2018-01-24 09:30:38', '2018-01-24 09:30:38'),
('刘静妮', '20171220', '21', 4, '2018-01-24 09:30:38', '2018-01-24 09:30:38'),
('刘静妮', '20171223', '21', 1, '2018-01-24 09:30:38', '2018-01-24 09:30:38'),
('刘静妮', '20171223', '21', 5, '2018-01-24 09:30:38', '2018-01-24 09:30:38'),
('刘静妮', '20171223', '21', 4, '2018-01-24 09:30:38', '2018-01-24 09:30:38'),
('刘静妮', '20171224', '21', 1, '2018-01-24 09:30:38', '2018-01-24 09:30:38'),
('刘静妮', '20171224', '21', 4, '2018-01-24 09:30:38', '2018-01-24 09:30:38'),
('刘静妮', '20171224', '21', 3, '2018-01-24 09:30:38', '2018-01-24 09:30:38'),
('刘静妮', '20171230', '21', 1, '2018-01-24 09:30:38', '2018-01-24 09:30:38'),
('刘静妮', '20171230', '21', 2, '2018-01-24 09:30:38', '2018-01-24 09:30:38'),
('刘静妮', '20171230', '21', 3, '2018-01-24 09:30:38', '2018-01-24 09:30:38'),
('刘静妮', '20171231', '21', 1, '2018-01-24 09:30:38', '2018-01-24 09:30:38'),
('刘静妮', '20171231', '21', 4, '2018-01-24 09:30:38', '2018-01-24 09:30:38'),
('刘君', '20171222', '21', 1, '2018-01-24 09:30:38', '2018-01-24 09:30:38'),
('刘君', '20171225', '21', 1, '2018-01-24 09:30:38', '2018-01-24 09:30:38'),
('刘君', '20171227', '21', 1, '2018-01-24 09:30:38', '2018-01-24 09:30:38'),
('美俄', '20171228', '21', 1, '2018-01-24 09:30:38', '2018-01-24 09:30:38'),
('余梦文', '20171220', '21', 1, '2018-01-24 09:30:38', '2018-01-24 09:30:38'),
('余梦文', '20171220', '21', 2, '2018-01-24 09:30:38', '2018-01-24 09:30:38'),
('余梦文', '20171226', '21', 1, '2018-01-24 09:30:38', '2018-01-24 09:30:38'),
('明霞', '20180107', '21', 1, '2018-01-24 09:30:38', '2018-01-24 09:30:38'),
('明霞', '20180107', '21', 3, '2018-01-24 09:30:38', '2018-01-24 09:30:38'),
('穆丹丹', '20171227', '21', 1, '2018-01-24 09:30:38', '2018-01-24 09:30:38'),
('穆丹丹', '20171227', '21', 3, '2018-01-24 09:30:38', '2018-01-24 09:30:38'),
('佩春', '20171231', '21', 1, '2018-01-24 09:30:38', '2018-01-24 09:30:38'),
('佩春', '20171231', '21', 2, '2018-01-24 09:30:38', '2018-01-24 09:30:38'),
('佩真', '20171228', '21', 1, '2018-01-24 09:30:38', '2018-01-24 09:30:38'),
('佩真', '20180101', '21', 1, '2018-01-24 09:30:38', '2018-01-24 09:30:38'),
('佩真', '20180102', '21', 5, '2018-01-24 09:30:38', '2018-01-24 09:30:38'),
('佩真', '20180102', '21', 3, '2018-01-24 09:30:38', '2018-01-24 09:30:38'),
('佩真', '20180102', '21', 2, '2018-01-24 09:30:38', '2018-01-24 09:30:38'),
('佩真', '20180102', '21', 1, '2018-01-24 09:30:38', '2018-01-24 09:30:38'),
('佩真', '20180103', '21', 1, '2018-01-24 09:30:38', '2018-01-24 09:30:38'),
('佩真', '20180107', '21', 3, '2018-01-24 09:30:38', '2018-01-24 09:30:38'),
('佩真', '20180107', '21', 2, '2018-01-24 09:30:38', '2018-01-24 09:30:38'),
('佩真', '20180107', '21', 5, '2018-01-24 09:30:38', '2018-01-24 09:30:38'),
('佩真', '20180107', '21', 1, '2018-01-24 09:30:38', '2018-01-24 09:30:38'),
('佩真', '20171228', '21', 2, '2018-01-24 09:30:38', '2018-01-24 09:30:38'),
('彭利新', '20180106', '21', 1, '2018-01-24 09:30:38', '2018-01-24 09:30:38'),
('彭思民', '20171218', '21', 1, '2018-01-24 09:30:38', '2018-01-24 09:30:38'),
('彭思民', '20171218', '21', 3, '2018-01-24 09:30:38', '2018-01-24 09:30:38'),
('彭思民', '20171218', '21', 2, '2018-01-24 09:30:38', '2018-01-24 09:30:38'),
('彭思民', '20171221', '21', 1, '2018-01-24 09:30:38', '2018-01-24 09:30:38'),
('彭思民', '20171221', '21', 3, '2018-01-24 09:30:38', '2018-01-24 09:30:38'),
('彭思民', '20171226', '21', 1, '2018-01-24 09:30:38', '2018-01-24 09:30:38'),
('彭思民', '20171226', '21', 5, '2018-01-24 09:30:38', '2018-01-24 09:30:38'),
('彭思民', '20171226', '21', 3, '2018-01-24 09:30:38', '2018-01-24 09:30:38'),
('彭思民', '20171226', '21', 2, '2018-01-24 09:30:38', '2018-01-24 09:30:38'),
('彭思民', '20171229', '21', 1, '2018-01-24 09:30:38', '2018-01-24 09:30:38'),
('彭思民', '20171229', '21', 3, '2018-01-24 09:30:38', '2018-01-24 09:30:38'),
('启', '20180103', '21', 1, '2018-01-24 09:30:38', '2018-01-24 09:30:38'),
('秋阳', '20171217', '21', 1, '2018-01-24 09:30:38', '2018-01-24 09:30:38'),
('沙思闻', '20171222', '21', 1, '2018-01-24 09:30:38', '2018-01-24 09:30:38'),
('沙思闻', '20171223', '21', 1, '2018-01-24 09:30:38', '2018-01-24 09:30:38'),
('舒玉', '20171222', '21', 1, '2018-01-24 09:30:38', '2018-01-24 09:30:38'),
('舒玉', '20171228', '21', 1, '2018-01-24 09:30:38', '2018-01-24 09:30:38'),
('水九齐', '20180105', '21', 1, '2018-01-24 09:30:38', '2018-01-24 09:30:38'),
('水九齐', '20180105', '21', 5, '2018-01-24 09:30:38', '2018-01-24 09:30:38'),
('水九齐', '20180104', '21', 1, '2018-01-24 09:30:38', '2018-01-24 09:30:38'),
('孙娟', '20180107', '21', 1, '2018-01-24 09:30:38', '2018-01-24 09:30:38'),
('孙娟', '20180107', '21', 3, '2018-01-24 09:30:38', '2018-01-24 09:30:38'),
('唐清清', '20180103', '21', 1, '2018-01-24 09:30:38', '2018-01-24 09:30:38'),
('唐清清', '20180103', '21', 3, '2018-01-24 09:30:38', '2018-01-24 09:30:38'),
('唐清清', '20180103', '21', 2, '2018-01-24 09:30:38', '2018-01-24 09:30:38'),
('唐清清', '20180105', '21', 1, '2018-01-24 09:30:38', '2018-01-24 09:30:38'),
('田晗', '20171208', '21', 1, '2018-01-24 09:30:38', '2018-01-24 09:30:38'),
('田晗', '20171209', '21', 1, '2018-01-24 09:30:38', '2018-01-24 09:30:38'),
('田晗', '20171209', '21', 5, '2018-01-24 09:30:38', '2018-01-24 09:30:38'),
('田晗', '20171209', '21', 4, '2018-01-24 09:30:38', '2018-01-24 09:30:38'),
('田晗', '20171213', '21', 1, '2018-01-24 09:30:38', '2018-01-24 09:30:38'),
('田晗', '20171213', '21', 5, '2018-01-24 09:30:38', '2018-01-24 09:30:38'),
('田晗', '20171213', '21', 4, '2018-01-24 09:30:38', '2018-01-24 09:30:38'),
('田晗', '20171213', '21', 3, '2018-01-24 09:30:38', '2018-01-24 09:30:38'),
('田晗', '20171213', '21', 2, '2018-01-24 09:30:38', '2018-01-24 09:30:38'),
('田晗', '20171220', '21', 1, '2018-01-24 09:30:38', '2018-01-24 09:30:38'),
('田晗', '20171220', '21', 5, '2018-01-24 09:30:38', '2018-01-24 09:30:38'),
('田晗', '20171220', '21', 4, '2018-01-24 09:30:38', '2018-01-24 09:30:38'),
('田晗', '20171220', '21', 3, '2018-01-24 09:30:38', '2018-01-24 09:30:38'),
('田晗', '20171223', '21', 1, '2018-01-24 09:30:38', '2018-01-24 09:30:38'),
('田晗', '20171223', '21', 5, '2018-01-24 09:30:38', '2018-01-24 09:30:38'),
('田晗', '20171223', '21', 3, '2018-01-24 09:30:38', '2018-01-24 09:30:38'),
('田晗', '20171224', '21', 1, '2018-01-24 09:30:38', '2018-01-24 09:30:38'),
('田晗', '20171224', '21', 3, '2018-01-24 09:30:38', '2018-01-24 09:30:38'),
('田晗', '20171227', '21', 1, '2018-01-24 09:30:38', '2018-01-24 09:30:38'),
('田晗', '20171227', '21', 5, '2018-01-24 09:30:38', '2018-01-24 09:30:38'),
('田晗', '20171227', '21', 2, '2018-01-24 09:30:38', '2018-01-24 09:30:38'),
('田晗', '20171227', '21', 4, '2018-01-24 09:30:38', '2018-01-24 09:30:38'),
('田晗', '20180102', '21', 1, '2018-01-24 09:30:38', '2018-01-24 09:30:38'),
('田晗', '20180102', '21', 5, '2018-01-24 09:30:38', '2018-01-24 09:30:38'),
('田晗', '20180102', '21', 4, '2018-01-24 09:30:38', '2018-01-24 09:30:38'),
('田晗', '20180105', '21', 1, '2018-01-24 09:30:38', '2018-01-24 09:30:38'),
('田晗', '20180105', '21', 3, '2018-01-24 09:30:38', '2018-01-24 09:30:38'),
('田晗', '20180105', '21', 5, '2018-01-24 09:30:38', '2018-01-24 09:30:38'),
('王晗旭', '20180104', '21', 1, '2018-01-24 09:30:38', '2018-01-24 09:30:38'),
('王晗旭', '20180104', '21', 5, '2018-01-24 09:30:38', '2018-01-24 09:30:38'),
('王晗旭', '20180104', '21', 5, '2018-01-24 09:30:38', '2018-01-24 09:30:38'),
('王向林', '20180103', '21', 1, '2018-01-24 09:30:38', '2018-01-24 09:30:38'),
('王旭洪', '20171207', '21', 1, '2018-01-24 09:30:38', '2018-01-24 09:30:38'),
('王旭洪', '20171210', '21', 1, '2018-01-24 09:30:38', '2018-01-24 09:30:38'),
('王旭洪', '20171210', '21', 4, '2018-01-24 09:30:38', '2018-01-24 09:30:38'),
('王旭洪', '20171210', '21', 2, '2018-01-24 09:30:38', '2018-01-24 09:30:38'),
('王旭洪', '20171212', '21', 1, '2018-01-24 09:30:38', '2018-01-24 09:30:38'),
('王旭洪', '20171212', '21', 3, '2018-01-24 09:30:38', '2018-01-24 09:30:38'),
('王旭洪', '20171215', '21', 1, '2018-01-24 09:30:38', '2018-01-24 09:30:38'),
('王旭洪', '20171217', '21', 1, '2018-01-24 09:30:38', '2018-01-24 09:30:38'),
('王旭洪', '20171217', '21', 3, '2018-01-24 09:30:38', '2018-01-24 09:30:38'),
('王旭洪', '20171221', '21', 1, '2018-01-24 09:30:38', '2018-01-24 09:30:38'),
('王旭洪', '20171221', '21', 5, '2018-01-24 09:30:38', '2018-01-24 09:30:38'),
('王旭洪', '20171222', '21', 1, '2018-01-24 09:30:38', '2018-01-24 09:30:38'),
('王旭洪', '20171222', '21', 5, '2018-01-24 09:30:38', '2018-01-24 09:30:38'),
('王旭洪', '20171222', '21', 4, '2018-01-24 09:30:38', '2018-01-24 09:30:38'),
('王旭洪', '20171226', '21', 1, '2018-01-24 09:30:38', '2018-01-24 09:30:38'),
('王旭洪', '20171226', '21', 5, '2018-01-24 09:30:38', '2018-01-24 09:30:38'),
('王旭洪', '20171228', '21', 1, '2018-01-24 09:30:38', '2018-01-24 09:30:38'),
('王旭洪', '20171228', '21', 5, '2018-01-24 09:30:38', '2018-01-24 09:30:38'),
('王旭洪', '20171226', '21', 4, '2018-01-24 09:30:38', '2018-01-24 09:30:38'),
('王旭洪', '20171228', '21', 4, '2018-01-24 09:30:38', '2018-01-24 09:30:38'),
('王旭洪', '20180104', '21', 1, '2018-01-24 09:30:38', '2018-01-24 09:30:38'),
('王亚雄', '20171226', '21', 1, '2018-01-24 09:30:38', '2018-01-24 09:30:38'),
('王亚雄', '20171226', '21', 5, '2018-01-24 09:30:38', '2018-01-24 09:30:38'),
('王英', '20171229', '21', 1, '2018-01-24 09:30:38', '2018-01-24 09:30:38'),
('王玉林', '20171222', '21', 1, '2018-01-24 09:30:38', '2018-01-24 09:30:38'),
('温军军', '20180107', '21', 1, '2018-01-24 09:30:38', '2018-01-24 09:30:38'),
('梁文慧', '20171224', '21', 1, '2018-01-24 09:30:38', '2018-01-24 09:30:38'),
('梁文慧', '20171224', '21', 5, '2018-01-24 09:30:38', '2018-01-24 09:30:38'),
('梁文慧', '20171230', '21', 1, '2018-01-24 09:30:38', '2018-01-24 09:30:38'),
('梁文慧', '20171231', '21', 1, '2018-01-24 09:30:38', '2018-01-24 09:30:38'),
('吴小玲', '20171207', '21', 1, '2018-01-24 09:30:38', '2018-01-24 09:30:38'),
('吴小玲', '20171216', '21', 1, '2018-01-24 09:30:38', '2018-01-24 09:30:38'),
('吴小玲', '20171216', '21', 5, '2018-01-24 09:30:38', '2018-01-24 09:30:38'),
('小憨', '20171231', '21', 5, '2018-01-24 09:30:38', '2018-01-24 09:30:38'),
('小敏', '20171224', '21', 1, '2018-01-24 09:30:38', '2018-01-24 09:30:38'),
('晓彬', '20171220', '21', 1, '2018-01-24 09:30:38', '2018-01-24 09:30:38'),
('笑笑', '20171210', '21', 1, '2018-01-24 09:30:38', '2018-01-24 09:30:38'),
('笑笑', '20171211', '21', 1, '2018-01-24 09:30:38', '2018-01-24 09:30:38'),
('笑笑', '20171211', '21', 5, '2018-01-24 09:30:38', '2018-01-24 09:30:38'),
('笑笑', '20171211', '21', 3, '2018-01-24 09:30:38', '2018-01-24 09:30:38'),
('笑笑', '20171211', '21', 2, '2018-01-24 09:30:38', '2018-01-24 09:30:38'),
('笑笑', '20171214', '21', 1, '2018-01-24 09:30:38', '2018-01-24 09:30:38'),
('笑笑', '20171214', '21', 2, '2018-01-24 09:30:38', '2018-01-24 09:30:38'),
('笑笑', '20171218', '21', 1, '2018-01-24 09:30:38', '2018-01-24 09:30:38'),
('笑笑', '20171219', '21', 1, '2018-01-24 09:30:38', '2018-01-24 09:30:38'),
('笑笑', '20171219', '21', 2, '2018-01-24 09:30:38', '2018-01-24 09:30:38'),
('笑笑', '20171225', '21', 1, '2018-01-24 09:30:38', '2018-01-24 09:30:38'),
('笑笑', '20171225', '21', 2, '2018-01-24 09:30:38', '2018-01-24 09:30:38'),
('笑笑', '20171225', '21', 3, '2018-01-24 09:30:38', '2018-01-24 09:30:38'),
('笑笑', '20171228', '21', 1, '2018-01-24 09:30:38', '2018-01-24 09:30:38'),
('笑笑', '20171228', '21', 5, '2018-01-24 09:30:38', '2018-01-24 09:30:38'),
('笑笑', '20171228', '21', 2, '2018-01-24 09:30:38', '2018-01-24 09:30:38'),
('笑笑', '20171231', '21', 1, '2018-01-24 09:30:38', '2018-01-24 09:30:38'),
('笑笑', '20171231', '21', 2, '2018-01-24 09:30:38', '2018-01-24 09:30:38'),
('笑笑', '20171231', '21', 3, '2018-01-24 09:30:38', '2018-01-24 09:30:38'),
('笑笑', '20171231', '21', 1, '2018-01-24 09:30:38', '2018-01-24 09:30:38'),
('笑笑', '20171231', '21', 2, '2018-01-24 09:30:38', '2018-01-24 09:30:38'),
('笑笑', '20171228', '21', 4, '2018-01-24 09:30:38', '2018-01-24 09:30:38'),
('笑笑', '20180101', '21', 3, '2018-01-24 09:30:38', '2018-01-24 09:30:38'),
('笑笑', '20180104', '21', 1, '2018-01-24 09:30:38', '2018-01-24 09:30:38'),
('笑笑', '20180104', '21', 5, '2018-01-24 09:30:38', '2018-01-24 09:30:38'),
('笑笑', '20180105', '21', 1, '2018-01-24 09:30:38', '2018-01-24 09:30:38'),
('笑笑', '20180105', '21', 4, '2018-01-24 09:30:38', '2018-01-24 09:30:38'),
('笑笑', '20180105', '21', 5, '2018-01-24 09:30:38', '2018-01-24 09:30:38'),
('笑笑', '20180104', '21', 3, '2018-01-24 09:30:38', '2018-01-24 09:30:38'),
('笑笑', '20180104', '21', 4, '2018-01-24 09:30:38', '2018-01-24 09:30:38'),
('笑笑', '20180101', '21', 2, '2018-01-24 09:30:38', '2018-01-24 09:30:38'),
('笑笑', '20180101', '21', 1, '2018-01-24 09:30:38', '2018-01-24 09:30:38'),
('笑笑', '20180101', '21', 5, '2018-01-24 09:30:38', '2018-01-24 09:30:38'),
('谢林燕', '20171211', '21', 1, '2018-01-24 09:30:38', '2018-01-24 09:30:38'),
('谢林燕', '20171211', '21', 5, '2018-01-24 09:30:38', '2018-01-24 09:30:38'),
('谢林燕', '20171213', '21', 1, '2018-01-24 09:30:38', '2018-01-24 09:30:38'),
('谢林燕', '20171213', '21', 5, '2018-01-24 09:30:38', '2018-01-24 09:30:38'),
('谢林燕', '20171214', '21', 1, '2018-01-24 09:30:38', '2018-01-24 09:30:38'),
('谢林燕', '20171220', '21', 1, '2018-01-24 09:30:38', '2018-01-24 09:30:38'),
('谢林燕', '20171220', '21', 5, '2018-01-24 09:30:38', '2018-01-24 09:30:38'),
('谢青香', '20171226', '21', 1, '2018-01-24 09:30:38', '2018-01-24 09:30:38'),
('馨月', '20180105', '21', 1, '2018-01-24 09:30:38', '2018-01-24 09:30:38'),
('馨月', '20180105', '21', 5, '2018-01-24 09:30:38', '2018-01-24 09:30:38'),
('馨月', '20180106', '21', 1, '2018-01-24 09:30:38', '2018-01-24 09:30:38'),
('馨月', '20180106', '21', 4, '2018-01-24 09:30:38', '2018-01-24 09:30:38'),
('馨月', '20180106', '21', 3, '2018-01-24 09:30:38', '2018-01-24 09:30:38'),
('熊艳', '20171217', '21', 1, '2018-01-24 09:30:38', '2018-01-24 09:30:38'),
('熊艳', '20171217', '21', 3, '2018-01-24 09:30:38', '2018-01-24 09:30:38'),
('熊艳', '20171224', '21', 1, '2018-01-24 09:30:38', '2018-01-24 09:30:38'),
('熊艳', '20171224', '21', 4, '2018-01-24 09:30:38', '2018-01-24 09:30:38'),
('杨秀虹', '20171231', '21', 1, '2018-01-24 09:30:38', '2018-01-24 09:30:38'),
('杨秀虹', '20171231', '21', 5, '2018-01-24 09:30:38', '2018-01-24 09:30:38'),
('杨秀虹', '20171231', '21', 5, '2018-01-24 09:30:38', '2018-01-24 09:30:38'),
('杨秀虹', '20171231', '21', 1, '2018-01-24 09:30:38', '2018-01-24 09:30:38'),
('杨秀虹', '20171231', '21', 3, '2018-01-24 09:30:38', '2018-01-24 09:30:38'),
('杨秀虹', '20171227', '21', 4, '2018-01-24 09:30:38', '2018-01-24 09:30:38'),
('杨秀虹', '20171231', '21', 4, '2018-01-24 09:30:38', '2018-01-24 09:30:38'),
('杨秀虹', '20180107', '21', 4, '2018-01-24 09:30:38', '2018-01-24 09:30:38'),
('杨秀虹', '20180107', '21', 1, '2018-01-24 09:30:38', '2018-01-24 09:30:38'),
('秀勤', '20171217', '21', 1, '2018-01-24 09:30:38', '2018-01-24 09:30:38'),
('秀勤', '20171217', '21', 5, '2018-01-24 09:30:38', '2018-01-24 09:30:38'),
('秀勤', '20171224', '21', 1, '2018-01-24 09:30:38', '2018-01-24 09:30:38'),
('秀勤', '20171225', '21', 1, '2018-01-24 09:30:38', '2018-01-24 09:30:38'),
('秀勤', '20171230', '21', 1, '2018-01-24 09:30:38', '2018-01-24 09:30:38'),
('秀勤', '20171231', '21', 1, '2018-01-24 09:30:38', '2018-01-24 09:30:38'),
('秀勤', '20180105', '21', 1, '2018-01-24 09:30:38', '2018-01-24 09:30:38'),
('许雪敏', '20180106', '21', 1, '2018-01-24 09:30:38', '2018-01-24 09:30:38'),
('学承', '20171229', '21', 1, '2018-01-24 09:30:38', '2018-01-24 09:30:38'),
('许雪敏', '20171228', '21', 1, '2018-01-24 09:30:38', '2018-01-24 09:30:38'),
('亚齐', '20171211', '21', 1, '2018-01-24 09:30:38', '2018-01-24 09:30:38'),
('亚齐', '20171213', '21', 1, '2018-01-24 09:30:38', '2018-01-24 09:30:38'),
('亚齐', '20171217', '21', 1, '2018-01-24 09:30:38', '2018-01-24 09:30:38'),
('亚齐', '20171217', '21', 5, '2018-01-24 09:30:38', '2018-01-24 09:30:38'),
('亚齐', '20171217', '21', 2, '2018-01-24 09:30:38', '2018-01-24 09:30:38'),
('亚齐', '20171228', '21', 1, '2018-01-24 09:30:38', '2018-01-24 09:30:38'),
('亚雄', '20171229', '21', 1, '2018-01-24 09:30:38', '2018-01-24 09:30:38'),
('阎小菁', '20171216', '21', 1, '2018-01-24 09:30:38', '2018-01-24 09:30:38'),
('阎小菁', '20171216', '21', 5, '2018-01-24 09:30:38', '2018-01-24 09:30:38'),
('阎小菁', '20171216', '21', 3, '2018-01-24 09:30:38', '2018-01-24 09:30:38'),
('阎小菁', '20171216', '21', 2, '2018-01-24 09:30:38', '2018-01-24 09:30:38'),
('阎小菁', '20171223', '21', 1, '2018-01-24 09:30:38', '2018-01-24 09:30:38'),
('阎小菁', '20171223', '21', 5, '2018-01-24 09:30:38', '2018-01-24 09:30:38'),
('阎小菁', '20171223', '21', 2, '2018-01-24 09:30:38', '2018-01-24 09:30:38'),
('阎小菁', '20180106', '21', 1, '2018-01-24 09:30:38', '2018-01-24 09:30:38'),
('阎小菁', '20180106', '21', 2, '2018-01-24 09:30:38', '2018-01-24 09:30:38'),
('熊艳', '20171210', '21', 1, '2018-01-24 09:30:38', '2018-01-24 09:30:38'),
('熊艳', '20171210', '21', 3, '2018-01-24 09:30:38', '2018-01-24 09:30:38'),
('熊艳', '20171214', '21', 1, '2018-01-24 09:30:38', '2018-01-24 09:30:38'),
('杨威', '20180102', '21', 1, '2018-01-24 09:30:38', '2018-01-24 09:30:38'),
('杨秀虹', '20171208', '21', 1, '2018-01-24 09:30:38', '2018-01-24 09:30:38'),
('杨秀虹', '20171209', '21', 1, '2018-01-24 09:30:38', '2018-01-24 09:30:38'),
('杨秀虹', '20171209', '21', 5, '2018-01-24 09:30:38', '2018-01-24 09:30:38'),
('杨秀虹', '20171216', '21', 1, '2018-01-24 09:30:38', '2018-01-24 09:30:38'),
('杨秀虹', '20171217', '21', 1, '2018-01-24 09:30:38', '2018-01-24 09:30:38'),
('杨秀虹', '20171217', '21', 4, '2018-01-24 09:30:38', '2018-01-24 09:30:38'),
('杨秀虹', '20171221', '21', 1, '2018-01-24 09:30:38', '2018-01-24 09:30:38'),
('杨秀虹', '20171223', '21', 1, '2018-01-24 09:30:38', '2018-01-24 09:30:38'),
('杨秀虹', '20171224', '21', 1, '2018-01-24 09:30:38', '2018-01-24 09:30:38'),
('杨秀虹', '20171224', '21', 4, '2018-01-24 09:30:38', '2018-01-24 09:30:38'),
('杨秀虹', '20171227', '21', 1, '2018-01-24 09:30:38', '2018-01-24 09:30:38'),
('杨秀虹', '20171227', '21', 5, '2018-01-24 09:30:38', '2018-01-24 09:30:38'),
('杨洋', '20180103', '21', 1, '2018-01-24 09:30:38', '2018-01-24 09:30:38'),
('杨志强', '20171207', '21', 1, '2018-01-24 09:30:38', '2018-01-24 09:30:38'),
('杨志强', '20171208', '21', 1, '2018-01-24 09:30:38', '2018-01-24 09:30:38'),
('杨志强', '20171213', '21', 1, '2018-01-24 09:30:38', '2018-01-24 09:30:38'),
('杨志强', '20171220', '21', 1, '2018-01-24 09:30:38', '2018-01-24 09:30:38'),
('杨志强', '20171220', '21', 5, '2018-01-24 09:30:38', '2018-01-24 09:30:38'),
('杨志强', '20171221', '21', 1, '2018-01-24 09:30:38', '2018-01-24 09:30:38'),
('右杰', '20171226', '21', 1, '2018-01-24 09:30:38', '2018-01-24 09:30:38'),
('李昱', '20171214', '21', 1, '2018-01-24 09:30:38', '2018-01-24 09:30:38'),
('李昱', '20171214', '21', 3, '2018-01-24 09:30:38', '2018-01-24 09:30:38'),
('李昱', '20171221', '21', 1, '2018-01-24 09:30:38', '2018-01-24 09:30:38'),
('李昱', '20171221', '21', 2, '2018-01-24 09:30:38', '2018-01-24 09:30:38'),
('袁丽红', '20171210', '21', 1, '2018-01-24 09:30:38', '2018-01-24 09:30:38'),
('袁丽红', '20171218', '21', 1, '2018-01-24 09:30:38', '2018-01-24 09:30:38'),
('月读', '20171229', '21', 1, '2018-01-24 09:30:38', '2018-01-24 09:30:38'),
('月读', '20171229', '21', 2, '2018-01-24 09:30:38', '2018-01-24 09:30:38'),
('王宝林', '20180102', '21', 1, '2018-01-24 09:30:38', '2018-01-24 09:30:38'),
('张建超', '20171226', '21', 1, '2018-01-24 09:30:38', '2018-01-24 09:30:38'),
('张静', '20171209', '21', 1, '2018-01-24 09:30:38', '2018-01-24 09:30:38'),
('张静', '20171209', '21', 5, '2018-01-24 09:30:38', '2018-01-24 09:30:38'),
('张静', '20171210', '21', 1, '2018-01-24 09:30:38', '2018-01-24 09:30:38'),
('张静', '20171210', '21', 5, '2018-01-24 09:30:38', '2018-01-24 09:30:38'),
('张静', '20171211', '21', 1, '2018-01-24 09:30:38', '2018-01-24 09:30:38'),
('张静', '20171211', '21', 5, '2018-01-24 09:30:38', '2018-01-24 09:30:38'),
('张静', '20171213', '21', 1, '2018-01-24 09:30:38', '2018-01-24 09:30:38'),
('张静', '20171218', '21', 1, '2018-01-24 09:30:38', '2018-01-24 09:30:38'),
('张静', '20171218', '21', 4, '2018-01-24 09:30:38', '2018-01-24 09:30:38'),
('张静', '20171221', '21', 1, '2018-01-24 09:30:38', '2018-01-24 09:30:38'),
('张静', '20171221', '21', 5, '2018-01-24 09:30:38', '2018-01-24 09:30:38'),
('张静', '20171221', '21', 4, '2018-01-24 09:30:38', '2018-01-24 09:30:38'),
('张静', '20171223', '21', 1, '2018-01-24 09:30:38', '2018-01-24 09:30:38'),
('张静', '20180101', '21', 1, '2018-01-24 09:30:38', '2018-01-24 09:30:38'),
('张静', '20180101', '21', 4, '2018-01-24 09:30:38', '2018-01-24 09:30:38'),
('张静', '20180101', '21', 5, '2018-01-24 09:30:38', '2018-01-24 09:30:38'),
('张俊', '20171223', '21', 1, '2018-01-24 09:30:38', '2018-01-24 09:30:38'),
('张俊', '20171226', '21', 1, '2018-01-24 09:30:38', '2018-01-24 09:30:38'),
('张俊', '20171226', '21', 2, '2018-01-24 09:30:38', '2018-01-24 09:30:38'),
('张俊', '20171224', '21', 1, '2018-01-24 09:30:38', '2018-01-24 09:30:38'),
('馨月', '20171209', '21', 1, '2018-01-24 09:30:38', '2018-01-24 09:30:38'),
('馨月', '20171209', '21', 5, '2018-01-24 09:30:38', '2018-01-24 09:30:38'),
('馨月', '20171213', '21', 1, '2018-01-24 09:30:38', '2018-01-24 09:30:38'),
('馨月', '20171213', '21', 4, '2018-01-24 09:30:38', '2018-01-24 09:30:38'),
('馨月', '20171213', '21', 3, '2018-01-24 09:30:38', '2018-01-24 09:30:38'),
('馨月', '20171213', '21', 2, '2018-01-24 09:30:38', '2018-01-24 09:30:38'),
('馨月', '20171215', '21', 1, '2018-01-24 09:30:38', '2018-01-24 09:30:38'),
('馨月', '20171215', '21', 4, '2018-01-24 09:30:38', '2018-01-24 09:30:38'),
('馨月', '20171223', '21', 1, '2018-01-24 09:30:38', '2018-01-24 09:30:38'),
('馨月', '20171223', '21', 5, '2018-01-24 09:30:38', '2018-01-24 09:30:38'),
('馨月', '20171223', '21', 4, '2018-01-24 09:30:38', '2018-01-24 09:30:38'),
('馨月', '20171223', '21', 3, '2018-01-24 09:30:38', '2018-01-24 09:30:38'),
('馨月', '20171225', '21', 1, '2018-01-24 09:30:38', '2018-01-24 09:30:38'),
('馨月', '20171229', '21', 1, '2018-01-24 09:30:38', '2018-01-24 09:30:38'),
('馨月', '20171230', '21', 1, '2018-01-24 09:30:38', '2018-01-24 09:30:38'),
('馨月', '20171229', '21', 4, '2018-01-24 09:30:38', '2018-01-24 09:30:38'),
('馨月', '20171230', '21', 4, '2018-01-24 09:30:38', '2018-01-24 09:30:38'),
('郑洁', '20171223', '21', 1, '2018-01-24 09:30:38', '2018-01-24 09:30:38'),
('郑洁', '20171224', '21', 1, '2018-01-24 09:30:38', '2018-01-24 09:30:38'),
('郑洁', '20171230', '21', 1, '2018-01-24 09:30:38', '2018-01-24 09:30:38'),
('周英硕', '20171221', '21', 1, '2018-01-24 09:30:38', '2018-01-24 09:30:38'),
('周英硕', '20171221', '21', 5, '2018-01-24 09:30:38', '2018-01-24 09:30:38'),
('周英硕', '20180104', '21', 1, '2018-01-24 09:30:38', '2018-01-24 09:30:38'),
('周长胜', '20171227', '21', 1, '2018-01-24 09:30:38', '2018-01-24 09:30:38'),
('周长胜', '20171228', '21', 1, '2018-01-24 09:30:38', '2018-01-24 09:30:38'),
('笑笑', '20180108', '21', 1, '2018-01-24 09:30:38', '2018-01-24 09:30:38'),
('Nelson', '20180108', '21', 1, '2018-01-24 09:30:38', '2018-01-24 09:30:38'),
('Charles', '20180108', '21', 1, '2018-01-24 09:30:38', '2018-01-24 09:30:38'),
('静川', '20180108', '21', 1, '2018-01-24 09:30:38', '2018-01-24 09:30:38'),
('张静', '20180108', '21', 4, '2018-01-24 09:30:38', '2018-01-24 09:30:38'),
('笑笑', '20180108', '21', 4, '2018-01-24 09:30:38', '2018-01-24 09:30:38'),
('笑笑', '20180108', '21', 2, '2018-01-24 09:30:38', '2018-01-24 09:30:38'),
('Charles', '20180108', '21', 3, '2018-01-24 09:30:38', '2018-01-24 09:30:38'),
('Nelson', '20180110', '21', 1, '2018-01-24 09:30:38', '2018-01-24 09:30:38'),
('佩真', '20180110', '21', 1, '2018-01-24 09:30:38', '2018-01-24 09:30:38'),
('月读', '20180110', '21', 1, '2018-01-24 09:30:38', '2018-01-24 09:30:38'),
('Annie', '20180110', '21', 1, '2018-01-24 09:30:38', '2018-01-24 09:30:38'),
('刘静妮', '20180110', '21', 4, '2018-01-24 09:30:38', '2018-01-24 09:30:38'),
('Nelson', '20180110', '21', 2, '2018-01-24 09:30:38', '2018-01-24 09:30:38'),
('Nelson', '20180110', '21', 3, '2018-01-24 09:30:38', '2018-01-24 09:30:38'),
('佩真', '20180110', '21', 5, '2018-01-24 09:30:38', '2018-01-24 09:30:38'),
('月读', '20180110', '21', 5, '2018-01-24 09:30:38', '2018-01-24 09:30:38'),
('Annie', '20180110', '21', 5, '2018-01-24 09:30:38', '2018-01-24 09:30:38'),
('刘静妮', '20180110', '21', 5, '2018-01-24 09:30:38', '2018-01-24 09:30:38'),
('彭敏', '20180111', '21', 1, '2018-01-24 09:30:38', '2018-01-24 09:30:38'),
('秀勤', '20180111', '21', 1, '2018-01-24 09:30:38', '2018-01-24 09:30:38'),
('穆丹丹', '20180111', '21', 1, '2018-01-24 09:30:38', '2018-01-24 09:30:38'),
('思闻', '20180111', '21', 1, '2018-01-24 09:30:38', '2018-01-24 09:30:38'),
('王旭洪', '20180111', '21', 1, '2018-01-24 09:30:38', '2018-01-24 09:30:38'),
('王旭洪', '20180111', '21', 4, '2018-01-24 09:30:38', '2018-01-24 09:30:38'),
('秀勤', '20180111', '21', 2, '2018-01-24 09:30:38', '2018-01-24 09:30:38'),
('彭敏', '20180111', '21', 3, '2018-01-24 09:30:38', '2018-01-24 09:30:38'),
('王旭洪', '20180111', '21', 5, '2018-01-24 09:30:38', '2018-01-24 09:30:38'),
('秀勤', '20180111', '21', 5, '2018-01-24 09:30:38', '2018-01-24 09:30:38'),
('Licky', '20180111', '21', 1, '2018-01-24 09:30:38', '2018-01-24 09:30:38'),
('肖桂林', '20180111', '21', 1, '2018-01-24 09:30:38', '2018-01-24 09:30:38'),
('谢青香', '20180111', '21', 1, '2018-01-24 09:30:38', '2018-01-24 09:30:38'),
('周英硕', '20180111', '21', 1, '2018-01-24 09:30:38', '2018-01-24 09:30:38'),
('李东耀', '20180111', '21', 1, '2018-01-24 09:30:38', '2018-01-24 09:30:38'),
('杨志强', '20180111', '21', 1, '2018-01-24 09:30:38', '2018-01-24 09:30:38'),
('Licky', '20180111', '21', 4, '2018-01-24 09:30:38', '2018-01-24 09:30:38'),
('谢青香', '20180111', '21', 2, '2018-01-24 09:30:38', '2018-01-24 09:30:38'),
('谢青香', '20180111', '21', 3, '2018-01-24 09:30:38', '2018-01-24 09:30:38'),
('杨志强', '20180111', '21', 3, '2018-01-24 09:30:38', '2018-01-24 09:30:38'),
('周英硕', '20180111', '21', 5, '2018-01-24 09:30:38', '2018-01-24 09:30:38'),
('杨志强', '20180111', '21', 5, '2018-01-24 09:30:38', '2018-01-24 09:30:38'),
('黄晓婷', '20180112', '21', 1, '2018-01-24 09:30:38', '2018-01-24 09:30:38'),
('樊瑞瑞', '20180112', '21', 1, '2018-01-24 09:30:38', '2018-01-24 09:30:38'),
('张秋莲', '20180112', '21', 1, '2018-01-24 09:30:38', '2018-01-24 09:30:38'),
('肖桂林', '20180112', '21', 1, '2018-01-24 09:30:38', '2018-01-24 09:30:38'),
('唐清清', '20180112', '21', 1, '2018-01-24 09:30:38', '2018-01-24 09:30:38'),
('黄晓婷', '20180112', '21', 4, '2018-01-24 09:30:38', '2018-01-24 09:30:38'),
('唐清清', '20180112', '21', 2, '2018-01-24 09:30:38', '2018-01-24 09:30:38'),
('樊瑞瑞', '20180112', '21', 3, '2018-01-24 09:30:38', '2018-01-24 09:30:38'),
('黄晓婷', '20180112', '21', 5, '2018-01-24 09:30:38', '2018-01-24 09:30:38'),
('刘静妮', '20180112', '21', 1, '2018-01-24 09:30:38', '2018-01-24 09:30:38'),
('Charles', '20180112', '21', 1, '2018-01-24 09:30:38', '2018-01-24 09:30:38'),
('亚齐', '20180112', '21', 1, '2018-01-24 09:30:38', '2018-01-24 09:30:38'),
('谢林燕', '20180112', '21', 1, '2018-01-24 09:30:38', '2018-01-24 09:30:38'),
('Annie', '20180112', '21', 1, '2018-01-24 09:30:38', '2018-01-24 09:30:38'),
('刘静妮', '20180112', '21', 4, '2018-01-24 09:30:38', '2018-01-24 09:30:38'),
('Charles', '20180112', '21', 2, '2018-01-24 09:30:38', '2018-01-24 09:30:38'),
('刘静妮', '20180112', '21', 3, '2018-01-24 09:30:38', '2018-01-24 09:30:38'),
('刘静妮', '20180112', '21', 5, '2018-01-24 09:30:38', '2018-01-24 09:30:38'),
('谢林燕', '20180112', '21', 5, '2018-01-24 09:30:38', '2018-01-24 09:30:38'),
('肖桂林', '20180110', '21', 1, '2018-01-24 09:30:38', '2018-01-24 09:30:38'),
('Alva', '20180110', '21', 1, '2018-01-24 09:30:38', '2018-01-24 09:30:38'),
('李瑞蒙', '20180110', '21', 1, '2018-01-24 09:30:38', '2018-01-24 09:30:38'),
('邵涛', '20180110', '21', 1, '2018-01-24 09:30:38', '2018-01-24 09:30:38'),
('韩建军', '20180110', '21', 1, '2018-01-24 09:30:38', '2018-01-24 09:30:38'),
('田晗', '20180110', '21', 4, '2018-01-24 09:30:38', '2018-01-24 09:30:38'),
('Alva', '20180110', '21', 2, '2018-01-24 09:30:38', '2018-01-24 09:30:38'),
('邵涛', '20180110', '21', 3, '2018-01-24 09:30:38', '2018-01-24 09:30:38'),
('肖桂林', '20180110', '21', 5, '2018-01-24 09:30:38', '2018-01-24 09:30:38'),
('Alva', '20180110', '21', 5, '2018-01-24 09:30:38', '2018-01-24 09:30:38'),
('李瑞蒙', '20180110', '21', 5, '2018-01-24 09:30:38', '2018-01-24 09:30:38'),
('邵涛', '20180110', '21', 5, '2018-01-24 09:30:38', '2018-01-24 09:30:38'),
('韩建军', '20180110', '21', 5, '2018-01-24 09:30:38', '2018-01-24 09:30:38'),
('张静', '20180108', '21', 1, '2018-01-24 09:30:38', '2018-01-24 09:30:38'),
('田晗', '20180110', '21', 1, '2018-01-24 09:30:38', '2018-01-24 09:30:38'),
('刘静妮', '20180110', '21', 1, '2018-01-24 09:30:38', '2018-01-24 09:30:38'),
('刘静妮', '20180113', '20', 1, '2018-01-24 09:30:38', '2018-01-24 09:30:38'),
('Charles', '20180113', '20', 1, '2018-01-24 09:30:38', '2018-01-24 09:30:38'),
('谢林燕', '20180113', '20', 1, '2018-01-24 09:30:38', '2018-01-24 09:30:38'),
('Aaron', '20180113', '20', 1, '2018-01-24 09:30:38', '2018-01-24 09:30:38'),
('刘静妮', '20180113', '20', 4, '2018-01-24 09:30:38', '2018-01-24 09:30:38'),
('Aaron', '20180113', '20', 2, '2018-01-24 09:30:38', '2018-01-24 09:30:38'),
('Aaron', '20180113', '20', 3, '2018-01-24 09:30:38', '2018-01-24 09:30:38'),
('王旭洪', '20180113', '21', 1, '2018-01-24 09:30:38', '2018-01-24 09:30:38'),
('佩真', '20180113', '21', 1, '2018-01-24 09:30:38', '2018-01-24 09:30:38'),
('阎小菁', '20180113', '21', 1, '2018-01-24 09:30:38', '2018-01-24 09:30:38'),
('邵涛', '20180113', '21', 1, '2018-01-24 09:30:38', '2018-01-24 09:30:38'),
('阳焱', '20180113', '21', 1, '2018-01-24 09:30:38', '2018-01-24 09:30:38'),
('秀勤', '20180113', '21', 1, '2018-01-24 09:30:38', '2018-01-24 09:30:38'),
('王旭洪', '20180113', '21', 4, '2018-01-24 09:30:38', '2018-01-24 09:30:38'),
('阎小菁', '20180113', '21', 2, '2018-01-24 09:30:38', '2018-01-24 09:30:38'),
('佩真', '20180113', '21', 2, '2018-01-24 09:30:38', '2018-01-24 09:30:38'),
('佩真', '20180113', '21', 3, '2018-01-24 09:30:38', '2018-01-24 09:30:38'),
('王旭洪', '20180113', '21', 5, '2018-01-24 09:30:38', '2018-01-24 09:30:38'),
('佩真', '20180113', '21', 5, '2018-01-24 09:30:38', '2018-01-24 09:30:38'),
('张静', '20180113', '21', 1, '2018-01-24 09:30:38', '2018-01-24 09:30:38'),
('杨秀虹', '20180113', '21', 1, '2018-01-24 09:30:38', '2018-01-24 09:30:38'),
('水九齐', '20180113', '21', 1, '2018-01-24 09:30:38', '2018-01-24 09:30:38'),
('贺文', '20180113', '21', 1, '2018-01-24 09:30:38', '2018-01-24 09:30:38'),
('林翠萍', '20180113', '21', 1, '2018-01-24 09:30:38', '2018-01-24 09:30:38'),
('肖桂林', '20180113', '21', 1, '2018-01-24 09:30:38', '2018-01-24 09:30:38'),
('祁鼎', '20180113', '21', 1, '2018-01-24 09:30:38', '2018-01-24 09:30:38'),
('张静', '20180113', '21', 4, '2018-01-24 09:30:38', '2018-01-24 09:30:38'),
('水九齐', '20180113', '21', 2, '2018-01-24 09:30:38', '2018-01-24 09:30:38'),
('馨月', '20180113', '21', 2, '2018-01-24 09:30:38', '2018-01-24 09:30:38'),
('水九齐', '20180113', '21', 5, '2018-01-24 09:30:38', '2018-01-24 09:30:38'),
('肖桂林', '20180113', '21', 5, '2018-01-24 09:30:38', '2018-01-24 09:30:38'),
('穆丹丹', '20180114', '21', 1, '2018-01-24 09:30:38', '2018-01-24 09:30:38'),
('秀勤', '20180114', '21', 1, '2018-01-24 09:30:38', '2018-01-24 09:30:38'),
('杨秀虹', '20180114', '21', 1, '2018-01-24 09:30:38', '2018-01-24 09:30:38');
INSERT INTO `user_score_detail1` (`user_id`, `meeting_date`, `meeting_time`, `score_type`, `create_date`, `modify_date`) VALUES
('Nancy Chen', '20180114', '21', 1, '2018-01-24 09:30:38', '2018-01-24 09:30:38'),
('李瑞蒙', '20180114', '21', 1, '2018-01-24 09:30:38', '2018-01-24 09:30:38'),
('贺文', '20180114', '21', 1, '2018-01-24 09:30:38', '2018-01-24 09:30:38'),
('穆丹丹', '20180114', '21', 2, '2018-01-24 09:30:38', '2018-01-24 09:30:38'),
('穆丹丹', '20180114', '21', 3, '2018-01-24 09:30:38', '2018-01-24 09:30:38'),
('杨秀虹', '20180114', '21', 4, '2018-01-24 09:30:38', '2018-01-24 09:30:38'),
('秀勤', '20180114', '21', 5, '2018-01-24 09:30:38', '2018-01-24 09:30:38'),
('穆丹丹', '20180114', '21', 5, '2018-01-24 09:30:38', '2018-01-24 09:30:38'),
('杨秀虹', '20180114', '21', 5, '2018-01-24 09:30:38', '2018-01-24 09:30:38'),
('馨月', '20171209', '21', 1, '2018-01-24 09:30:38', '2018-01-24 09:30:38'),
('馨月', '20171210', '21', 1, '2018-01-24 09:30:38', '2018-01-24 09:30:38'),
('馨月', '20171209', '21', 3, '2018-01-24 09:30:38', '2018-01-24 09:30:38'),
('馨月', '20171209', '21', 4, '2018-01-24 09:30:38', '2018-01-24 09:30:38'),
('馨月', '20171209', '21', 5, '2018-01-24 09:30:38', '2018-01-24 09:30:38'),
('肖桂林', '20180108', '21', 1, '2018-01-24 09:30:38', '2018-01-24 09:30:38'),
('肖桂林', '20180110', '21', 5, '2018-01-24 09:30:38', '2018-01-24 09:30:38'),
('笑笑', '20171211', '21', 1, '2018-01-24 09:30:38', '2018-01-24 09:30:38'),
('笑笑', '20171215', '21', 1, '2018-01-24 09:30:38', '2018-01-24 09:30:38'),
('笑笑', '20171215', '21', 2, '2018-01-24 09:30:38', '2018-01-24 09:30:38'),
('笑笑', '20171211', '21', 3, '2018-01-24 09:30:38', '2018-01-24 09:30:38'),
('笑笑', '20171215', '21', 3, '2018-01-24 09:30:38', '2018-01-24 09:30:38'),
('笑笑', '20171211', '21', 4, '2018-01-24 09:30:38', '2018-01-24 09:30:38'),
('笑笑', '20171215', '21', 4, '2018-01-24 09:30:38', '2018-01-24 09:30:38'),
('笑笑', '20171227', '21', 4, '2018-01-24 09:30:38', '2018-01-24 09:30:38'),
('笑笑', '20171211', '21', 5, '2018-01-24 09:30:38', '2018-01-24 09:30:38'),
('笑笑', '20171209', '21', 5, '2018-01-24 09:30:38', '2018-01-24 09:30:38'),
('笑笑', '20171213', '21', 5, '2018-01-24 09:30:38', '2018-01-24 09:30:38'),
('笑笑', '20171217', '21', 5, '2018-01-24 09:30:38', '2018-01-24 09:30:38'),
('笑笑', '20171218', '21', 5, '2018-01-24 09:30:38', '2018-01-24 09:30:38'),
('笑笑', '20171224', '21', 5, '2018-01-24 09:30:38', '2018-01-24 09:30:38'),
('笑笑', '20171230', '21', 5, '2018-01-24 09:30:38', '2018-01-24 09:30:38'),
('笑笑', '20180107', '21', 5, '2018-01-24 09:30:38', '2018-01-24 09:30:38'),
('穆丹丹', '20180106', '21', 5, '2018-01-24 09:30:38', '2018-01-24 09:30:38'),
('秀勤', '20171219', '21', 1, '2018-01-24 09:30:38', '2018-01-24 09:30:38'),
('秀勤', '20171219', '21', 4, '2018-01-24 09:30:38', '2018-01-24 09:30:38'),
('秀勤', '20171223', '21', 5, '2018-01-24 09:30:38', '2018-01-24 09:30:38'),
('秀勤', '20171224', '21', 5, '2018-01-24 09:30:38', '2018-01-24 09:30:38'),
('秀勤', '20171229', '21', 5, '2018-01-24 09:30:38', '2018-01-24 09:30:38'),
('秀勤', '20171230', '21', 5, '2018-01-24 09:30:38', '2018-01-24 09:30:38'),
('秀勤', '20180104', '21', 5, '2018-01-24 09:30:38', '2018-01-24 09:30:38'),
('秀勤', '20180112', '21', 5, '2018-01-24 09:30:38', '2018-01-24 09:30:38'),
('田晗', '20171215', '21', 1, '2018-01-24 09:30:38', '2018-01-24 09:30:38'),
('田晗', '20171215', '21', 4, '2018-01-24 09:30:38', '2018-01-24 09:30:38'),
('田晗', '20171207', '21', 5, '2018-01-24 09:30:38', '2018-01-24 09:30:38'),
('田晗', '20171215', '21', 5, '2018-01-24 09:30:38', '2018-01-24 09:30:38'),
('田晗', '20171223', '21', 5, '2018-01-24 09:30:38', '2018-01-24 09:30:38'),
('田晗', '20180109', '21', 5, '2018-01-24 09:30:38', '2018-01-24 09:30:38'),
('王旭洪', '20180103', '21', 5, '2018-01-24 09:30:38', '2018-01-24 09:30:38'),
('王旭洪', '20180106', '21', 5, '2018-01-24 09:30:38', '2018-01-24 09:30:38'),
('熊艳', '20171224', '21', 2, '2018-01-24 09:30:38', '2018-01-24 09:30:38'),
('熊艳', '20171224', '21', 5, '2018-01-24 09:30:38', '2018-01-24 09:30:38'),
('温军军', '20180107', '21', 1, '2018-01-24 09:30:38', '2018-01-24 09:30:38'),
('温军军', '20180108', '21', 1, '2018-01-24 09:30:38', '2018-01-24 09:30:38'),
('温军军', '20180109', '21', 1, '2018-01-24 09:30:38', '2018-01-24 09:30:38'),
('温军军', '20180108', '21', 2, '2018-01-24 09:30:38', '2018-01-24 09:30:38'),
('温军军', '20180109', '21', 3, '2018-01-24 09:30:38', '2018-01-24 09:30:38'),
('温军军', '20180109', '21', 5, '2018-01-24 09:30:38', '2018-01-24 09:30:38'),
('洪开春', '20171227', '21', 5, '2018-01-24 09:30:38', '2018-01-24 09:30:38'),
('洪开春', '20171229', '21', 5, '2018-01-24 09:30:38', '2018-01-24 09:30:38'),
('余梦文', '20171228', '21', 1, '2018-01-24 09:30:38', '2018-01-24 09:30:38'),
('余梦文', '20180106', '21', 1, '2018-01-24 09:30:38', '2018-01-24 09:30:38'),
('余梦文', '20171219', '21', 5, '2018-01-24 09:30:38', '2018-01-24 09:30:38'),
('余梦文', '20171225', '21', 5, '2018-01-24 09:30:38', '2018-01-24 09:30:38'),
('余梦文', '20171228', '21', 5, '2018-01-24 09:30:38', '2018-01-24 09:30:38'),
('梁文慧', '20171222', '21', 5, '2018-01-24 09:30:38', '2018-01-24 09:30:38'),
('杨志强', '20171212', '21', 2, '2018-01-24 09:30:38', '2018-01-24 09:30:38'),
('杨志强', '20171219', '21', 3, '2018-01-24 09:30:38', '2018-01-24 09:30:38'),
('杨志强', '20171220', '21', 4, '2018-01-24 09:30:38', '2018-01-24 09:30:38'),
('杨志强', '20171220', '21', 4, '2018-01-24 09:30:38', '2018-01-24 09:30:38'),
('月读', '20180104', '21', 1, '2018-01-24 09:30:38', '2018-01-24 09:30:38'),
('月读', '20180111', '21', 1, '2018-01-24 09:30:38', '2018-01-24 09:30:38'),
('月读', '20180104', '21', 2, '2018-01-24 09:30:38', '2018-01-24 09:30:38'),
('月读', '20180111', '21', 2, '2018-01-24 09:30:38', '2018-01-24 09:30:38'),
('月读', '20180109', '21', 3, '2018-01-24 09:30:38', '2018-01-24 09:30:38'),
('月读', '20171228', '21', 5, '2018-01-24 09:30:38', '2018-01-24 09:30:38'),
('明霞', '20180108', '21', 1, '2018-01-24 09:30:38', '2018-01-24 09:30:38'),
('明霞', '20180109', '21', 1, '2018-01-24 09:30:38', '2018-01-24 09:30:38'),
('明霞', '20180108', '21', 5, '2018-01-24 09:30:38', '2018-01-24 09:30:38'),
('明霞', '20180109', '21', 5, '2018-01-24 09:30:38', '2018-01-24 09:30:38'),
('彭思民', '20180109', '21', 1, '2018-01-24 09:30:38', '2018-01-24 09:30:38'),
('彭思民', '20180109', '21', 4, '2018-01-24 09:30:38', '2018-01-24 09:30:38'),
('彭思民', '20180109', '21', 5, '2018-01-24 09:30:38', '2018-01-24 09:30:38'),
('张俊', '20171223', '21', 5, '2018-01-24 09:30:38', '2018-01-24 09:30:38'),
('唐清清', '20180104', '21', 3, '2018-01-24 09:30:38', '2018-01-24 09:30:38'),
('唐清清', '20180104', '21', 5, '2018-01-24 09:30:38', '2018-01-24 09:30:38'),
('刘静妮', '20171225', '21', 1, '2018-01-24 09:30:38', '2018-01-24 09:30:38'),
('刘静妮', '20171225', '21', 4, '2018-01-24 09:30:38', '2018-01-24 09:30:38'),
('刘静妮', '20171225', '21', 5, '2018-01-24 09:30:38', '2018-01-24 09:30:38'),
('亚齐', '20171210', '21', 5, '2018-01-24 09:30:38', '2018-01-24 09:30:38'),
('Sophy', '20171212', '21', 2, '2018-01-24 09:30:38', '2018-01-24 09:30:38'),
('Sophy', '20171218', '21', 2, '2018-01-24 09:30:38', '2018-01-24 09:30:38'),
('Sophy', '20171213', '21', 3, '2018-01-24 09:30:38', '2018-01-24 09:30:38'),
('Sophy', '20171219', '21', 4, '2018-01-24 09:30:38', '2018-01-24 09:30:38'),
('Sophy', '20171226', '21', 4, '2018-01-24 09:30:38', '2018-01-24 09:30:38'),
('Sophy', '20171212', '21', 5, '2018-01-24 09:30:38', '2018-01-24 09:30:38'),
('Sophy', '20171213', '21', 5, '2018-01-24 09:30:38', '2018-01-24 09:30:38'),
('Sophy', '20171218', '21', 5, '2018-01-24 09:30:38', '2018-01-24 09:30:38'),
('Sophy', '20171226', '21', 5, '2018-01-24 09:30:38', '2018-01-24 09:30:38'),
('腾东', '20180108', '21', 1, '2018-01-24 09:30:38', '2018-01-24 09:30:38'),
('腾东', '20180108', '21', 3, '2018-01-24 09:30:38', '2018-01-24 09:30:38'),
('Nelson', '20171223', '21', 3, '2018-01-24 09:30:38', '2018-01-24 09:30:38'),
('Nelson', '20180110', '21', 5, '2018-01-24 09:30:38', '2018-01-24 09:30:38'),
('Lindy', '20171220', '21', 1, '2018-01-24 09:30:38', '2018-01-24 09:30:38'),
('Lindy', '20171221', '21', 5, '2018-01-24 09:30:38', '2018-01-24 09:30:38'),
('Licky', '20171208', '21', 1, '2018-01-24 09:30:38', '2018-01-24 09:30:38'),
('Licky', '20170108', '21', 5, '2018-01-24 09:30:38', '2018-01-24 09:30:38'),
('Licky', '20170107', '21', 5, '2018-01-24 09:30:38', '2018-01-24 09:30:38'),
('JimHuang', '20171221', '21', 5, '2018-01-24 09:30:38', '2018-01-24 09:30:38'),
('Jasson', '20171215', '21', 1, '2018-01-24 09:30:38', '2018-01-24 09:30:38'),
('Jasson', '20171215', '21', 2, '2018-01-24 09:30:38', '2018-01-24 09:30:38'),
('Jasson', '20171215', '21', 3, '2018-01-24 09:30:38', '2018-01-24 09:30:38'),
('Jasson', '20171221', '21', 3, '2018-01-24 09:30:38', '2018-01-24 09:30:38'),
('Claire', '20171231', '21', 1, '2018-01-24 09:30:38', '2018-01-24 09:30:38'),
('Claire', '20171211', '21', 5, '2018-01-24 09:30:38', '2018-01-24 09:30:38'),
('Christine', '20171221', '21', 4, '2018-01-24 09:30:38', '2018-01-24 09:30:38'),
('Christine', '20171213', '21', 5, '2018-01-24 09:30:38', '2018-01-24 09:30:38'),
('Christine', '20171226', '21', 5, '2018-01-24 09:30:38', '2018-01-24 09:30:38'),
('Charles', '20171213', '21', 1, '2018-01-24 09:30:38', '2018-01-24 09:30:38'),
('Charles', '20171213', '21', 2, '2018-01-24 09:30:38', '2018-01-24 09:30:38'),
('Charles', '20171213', '21', 3, '2018-01-24 09:30:38', '2018-01-24 09:30:38'),
('Charles', '20171213', '21', 4, '2018-01-24 09:30:38', '2018-01-24 09:30:38'),
('Charles', '20171213', '21', 5, '2018-01-24 09:30:38', '2018-01-24 09:30:38'),
('Charles', '20171214', '21', 1, '2018-01-24 09:30:38', '2018-01-24 09:30:38'),
('Charles', '20171215', '21', 1, '2018-01-24 09:30:38', '2018-01-24 09:30:38'),
('Charles', '20171207', '21', 5, '2018-01-24 09:30:38', '2018-01-24 09:30:38'),
('Charles', '20171208', '21', 5, '2018-01-24 09:30:38', '2018-01-24 09:30:38'),
('Charles', '20171211', '21', 5, '2018-01-24 09:30:38', '2018-01-24 09:30:38'),
('Annie', '20180103', '21', 1, '2018-01-24 09:30:38', '2018-01-24 09:30:38'),
('Annie', '20180103', '21', 3, '2018-01-24 09:30:38', '2018-01-24 09:30:38'),
('Annie', '20171230', '21', 1, '2018-01-24 09:30:38', '2018-01-24 09:30:38'),
('Alva', '20180102', '21', 1, '2018-01-24 09:30:38', '2018-01-24 09:30:38'),
('Alva', '20180102', '21', 5, '2018-01-24 09:30:38', '2018-01-24 09:30:38'),
('Alva', '20171230', '21', 5, '2018-01-24 09:30:38', '2018-01-24 09:30:38'),
('Alva', '20171231', '21', 5, '2018-01-24 09:30:38', '2018-01-24 09:30:38'),
('Alva', '20180104', '21', 5, '2018-01-24 09:30:38', '2018-01-24 09:30:38'),
('Aaron', '20171222', '21', 2, '2018-01-24 09:30:38', '2018-01-24 09:30:38'),
('Aaron', '20171223', '21', 2, '2018-01-24 09:30:38', '2018-01-24 09:30:38'),
('Aaron', '20171223', '21', 3, '2018-01-24 09:30:38', '2018-01-24 09:30:38'),
('Aaron', '20171230', '21', 1, '2018-01-24 09:30:38', '2018-01-24 09:30:38'),
('Aaron', '20171230', '21', 3, '2018-01-24 09:30:38', '2018-01-24 09:30:38'),
('谢林燕', '20180112', '21', 5, '2018-01-24 09:30:38', '2018-01-24 09:30:38'),
('谢林燕', '20171213', '21', 5, '2018-01-24 09:30:38', '2018-01-24 09:30:38'),
('谢林燕', '20171230', '21', 5, '2018-01-24 09:30:38', '2018-01-24 09:30:38'),
('Alva', '20171220', '21', 1, '2018-01-24 09:30:38', '2018-01-24 09:30:38'),
('Alva', '20171223', '21', 1, '2018-01-24 09:30:38', '2018-01-24 09:30:38'),
('Alva', '20171227', '21', 5, '2018-01-24 09:30:38', '2018-01-24 09:30:38'),
('佩真', '20180117', '21', 1, '2018-01-24 09:30:38', '2018-01-24 09:30:38'),
('佩真', '20180117', '21', 2, '2018-01-24 09:30:38', '2018-01-24 09:30:38'),
('佩真', '20180117', '21', 3, '2018-01-24 09:30:38', '2018-01-24 09:30:38'),
('佩真', '20180117', '21', 5, '2018-01-24 09:30:38', '2018-01-24 09:30:38'),
('熊艳', '20180117', '21', 1, '2018-01-24 09:30:38', '2018-01-24 09:30:38'),
('熊艳', '20180117', '21', 2, '2018-01-24 09:30:38', '2018-01-24 09:30:38'),
('熊艳', '20180117', '21', 3, '2018-01-24 09:30:38', '2018-01-24 09:30:38'),
('熊艳', '20180117', '21', 5, '2018-01-24 09:30:38', '2018-01-24 09:30:38'),
('楚瑞', '20180117', '21', 1, '2018-01-24 09:30:38', '2018-01-24 09:30:38'),
('长胜', '20180117', '21', 1, '2018-01-24 09:30:38', '2018-01-24 09:30:38'),
('秀勤', '20180117', '21', 1, '2018-01-24 09:30:38', '2018-01-24 09:30:38'),
('秀勤', '20180117', '21', 4, '2018-01-24 09:30:38', '2018-01-24 09:30:38'),
('秀勤', '20180117', '21', 5, '2018-01-24 09:30:38', '2018-01-24 09:30:38'),
('洪开春', '20180117', '21', 1, '2018-01-24 09:30:38', '2018-01-24 09:30:38'),
('洪开春', '20180117', '21', 2, '2018-01-24 09:30:38', '2018-01-24 09:30:38'),
('洪开春', '20180117', '21', 3, '2018-01-24 09:30:38', '2018-01-24 09:30:38'),
('洪开春', '20180117', '21', 5, '2018-01-24 09:30:38', '2018-01-24 09:30:38'),
('思闻', '20180117', '21', 1, '2018-01-24 09:30:38', '2018-01-24 09:30:38'),
('秀虹', '20180117', '21', 1, '2018-01-24 09:30:38', '2018-01-24 09:30:38'),
('杨威', '20180117', '21', 1, '2018-01-24 09:30:38', '2018-01-24 09:30:38'),
('王盼', '20180117', '21', 1, '2018-01-24 09:30:38', '2018-01-24 09:30:38'),
('田晗', '20180117', '21', 1, '2018-01-24 09:30:38', '2018-01-24 09:30:38'),
('田晗', '20180117', '21', 4, '2018-01-24 09:30:38', '2018-01-24 09:30:38'),
('田晗', '20180117', '21', 5, '2018-01-24 09:30:38', '2018-01-24 09:30:38'),
('廖敏', '20180117', '21', 1, '2018-01-24 09:30:38', '2018-01-24 09:30:38'),
('廖敏', '20180117', '21', 3, '2018-01-24 09:30:38', '2018-01-24 09:30:38'),
('李瑞蒙', '20180117', '21', 1, '2018-01-24 09:30:38', '2018-01-24 09:30:38'),
('李瑞蒙', '20180117', '21', 5, '2018-01-24 09:30:38', '2018-01-24 09:30:38'),
('明霞', '20180117', '21', 1, '2018-01-24 09:30:38', '2018-01-24 09:30:38'),
('明霞', '20180117', '21', 5, '2018-01-24 09:30:38', '2018-01-24 09:30:38'),
('Shirely', '20180117', '21', 1, '2018-01-24 09:30:38', '2018-01-24 09:30:38'),
('Shirely', '20180117', '21', 2, '2018-01-24 09:30:38', '2018-01-24 09:30:38'),
('刘静妮', '20180119', '21', 1, '2018-01-24 09:30:38', '2018-01-24 09:30:38'),
('刘静妮', '20180119', '21', 4, '2018-01-24 09:30:38', '2018-01-24 09:30:38'),
('Annie', '20180119', '21', 1, '2018-01-24 09:30:38', '2018-01-24 09:30:38'),
('Aaron', '20180119', '21', 1, '2018-01-24 09:30:38', '2018-01-24 09:30:38'),
('Aaron', '20180119', '21', 2, '2018-01-24 09:30:38', '2018-01-24 09:30:38'),
('Aaron', '20180119', '21', 3, '2018-01-24 09:30:38', '2018-01-24 09:30:38'),
('Winnie', '20180119', '21', 1, '2018-01-24 09:30:38', '2018-01-24 09:30:38'),
('Doris ', '20180119', '21', 1, '2018-01-24 09:30:38', '2018-01-24 09:30:38'),
('胡晖', '20180121', '21', 1, '2018-01-24 09:30:38', '2018-01-24 09:30:38'),
('胡晖', '20180121', '21', 5, '2018-01-24 09:30:38', '2018-01-24 09:30:38'),
('honeyrui', '20180121', '21', 1, '2018-01-24 09:30:38', '2018-01-24 09:30:38'),
('honeyrui', '20180121', '21', 3, '2018-01-24 09:30:38', '2018-01-24 09:30:38'),
('杨秀虹', '20180121', '21', 1, '2018-01-24 09:30:38', '2018-01-24 09:30:38'),
('杨秀虹', '20180121', '21', 4, '2018-01-24 09:30:38', '2018-01-24 09:30:38'),
('笑', '20180121', '21', 1, '2018-01-24 09:30:38', '2018-01-24 09:30:38'),
('黄晓婷', '20180121', '21', 1, '2018-01-24 09:30:38', '2018-01-24 09:30:38'),
('黄晓婷', '20180121', '21', 2, '2018-01-24 09:30:38', '2018-01-24 09:30:38'),
('秀勤', '20180121', '21', 1, '2018-01-24 09:30:38', '2018-01-24 09:30:38'),
('秀勤', '20180121', '21', 2, '2018-01-24 09:30:38', '2018-01-24 09:30:38'),
('秀勤', '20180121', '21', 5, '2018-01-24 09:30:38', '2018-01-24 09:30:38'),
('Shirely', '20180121', '21', 1, '2018-01-24 09:30:38', '2018-01-24 09:30:38'),
('Jenny', '20180121', '21', 1, '2018-01-24 09:30:38', '2018-01-24 09:30:38'),
('Jenny', '20180121', '21', 2, '2018-01-24 09:30:38', '2018-01-24 09:30:38'),
('Jenny', '20180121', '21', 3, '2018-01-24 09:30:38', '2018-01-24 09:30:38'),
('翠萍', '20180121', '21', 1, '2018-01-24 09:30:38', '2018-01-24 09:30:38'),
('翠萍', '20180121', '21', 3, '2018-01-24 09:30:38', '2018-01-24 09:30:38'),
('宏川', '20180121', '21', 1, '2018-01-24 09:30:38', '2018-01-24 09:30:38'),
('右洁', '20180121', '21', 1, '2018-01-24 09:30:38', '2018-01-24 09:30:38'),
('开春', '20180121', '21', 1, '2018-01-24 09:30:38', '2018-01-24 09:30:38'),
('开春', '20180121', '21', 2, '2018-01-24 09:30:38', '2018-01-24 09:30:38'),
('开春', '20180121', '21', 3, '2018-01-24 09:30:38', '2018-01-24 09:30:38'),
('林燕', '20180121', '21', 1, '2018-01-24 09:30:38', '2018-01-24 09:30:38'),
('林燕', '20180121', '21', 3, '2018-01-24 09:30:38', '2018-01-24 09:30:38'),
('林燕', '20180121', '21', 4, '2018-01-24 09:30:38', '2018-01-24 09:30:38'),
('林燕', '20180121', '21', 5, '2018-01-24 09:30:38', '2018-01-24 09:30:38'),
('刘静妮', '20180115', '21', 1, '2018-01-24 09:30:38', '2018-01-24 09:30:38'),
('刘静妮', '20180115', '21', 2, '2018-01-24 09:30:38', '2018-01-24 09:30:38'),
('刘静妮', '20180115', '21', 3, '2018-01-24 09:30:38', '2018-01-24 09:30:38'),
('刘静妮', '20180115', '21', 4, '2018-01-24 09:30:38', '2018-01-24 09:30:38'),
('刘静妮', '20180115', '21', 5, '2018-01-24 09:30:38', '2018-01-24 09:30:38'),
('张秋莲', '20180115', '21', 1, '2018-01-24 09:30:38', '2018-01-24 09:30:38'),
('张秋莲', '20180115', '21', 5, '2018-01-24 09:30:38', '2018-01-24 09:30:38'),
('温军军', '20180115', '21', 1, '2018-01-24 09:30:38', '2018-01-24 09:30:38'),
('温军军', '20180115', '21', 5, '2018-01-24 09:30:38', '2018-01-24 09:30:38'),
('邵辉', '20180115', '21', 1, '2018-01-24 09:30:38', '2018-01-24 09:30:38'),
('邵辉', '20180115', '21', 5, '2018-01-24 09:30:38', '2018-01-24 09:30:38'),
('Alva', '20180115', '21', 1, '2018-01-24 09:30:38', '2018-01-24 09:30:38'),
('Alva', '20180115', '21', 5, '2018-01-24 09:30:38', '2018-01-24 09:30:38'),
('笑笑', '20180115', '21', 1, '2018-01-24 09:30:38', '2018-01-24 09:30:38'),
('笑笑', '20180115', '21', 5, '2018-01-24 09:30:38', '2018-01-24 09:30:38'),
('水九齐', '20180115', '21', 1, '2018-01-24 09:30:38', '2018-01-24 09:30:38'),
('水九齐', '20180115', '21', 5, '2018-01-24 09:30:38', '2018-01-24 09:30:38'),
('洪开春', '20180115', '21', 1, '2018-01-24 09:30:38', '2018-01-24 09:30:38'),
('洪开春', '20180115', '21', 5, '2018-01-24 09:30:38', '2018-01-24 09:30:38'),
('秀虹', '20180115', '21', 1, '2018-01-24 09:30:38', '2018-01-24 09:30:38'),
('Nelson', '20180115', '21', 1, '2018-01-24 09:30:38', '2018-01-24 09:30:38'),
('Nelson', '20180115', '21', 4, '2018-01-24 09:30:38', '2018-01-24 09:30:38'),
('佩真', '20180115', '21', 1, '2018-01-24 09:30:38', '2018-01-24 09:30:38'),
('佩真', '20180115', '21', 2, '2018-01-24 09:30:38', '2018-01-24 09:30:38'),
('佩真', '20180115', '21', 3, '2018-01-24 09:30:38', '2018-01-24 09:30:38'),
('Charles', '20180115', '21', 1, '2018-01-24 09:30:38', '2018-01-24 09:30:38'),
('Christine', '20180115', '21', 1, '2018-01-24 09:30:38', '2018-01-24 09:30:38'),
('熊艳', '20180115', '21', 1, '2018-01-24 09:30:38', '2018-01-24 09:30:38'),
('王旭洪', '20180116', '21', 1, '2018-01-24 09:30:38', '2018-01-24 09:30:38'),
('王旭洪', '20180116', '21', 4, '2018-01-24 09:30:38', '2018-01-24 09:30:38'),
('王旭洪', '20180116', '21', 5, '2018-01-24 09:30:38', '2018-01-24 09:30:38'),
('笑笑', '20180116', '21', 1, '2018-01-24 09:30:38', '2018-01-24 09:30:38'),
('笑笑', '20180116', '21', 3, '2018-01-24 09:30:38', '2018-01-24 09:30:38'),
('笑笑', '20180116', '21', 5, '2018-01-24 09:30:38', '2018-01-24 09:30:38'),
('刘育宾', '20180116', '21', 1, '2018-01-24 09:30:38', '2018-01-24 09:30:38'),
('刘育宾', '20180116', '21', 5, '2018-01-24 09:30:38', '2018-01-24 09:30:38'),
('水九齐', '20180116', '21', 1, '2018-01-24 09:30:38', '2018-01-24 09:30:38'),
('水九齐', '20180116', '21', 2, '2018-01-24 09:30:38', '2018-01-24 09:30:38'),
('水九齐', '20180116', '21', 5, '2018-01-24 09:30:38', '2018-01-24 09:30:38'),
('Christine', '20180116', '21', 1, '2018-01-24 09:30:38', '2018-01-24 09:30:38'),
('Christine', '20180116', '21', 4, '2018-01-24 09:30:38', '2018-01-24 09:30:38'),
('Christine', '20180116', '21', 5, '2018-01-24 09:30:38', '2018-01-24 09:30:38'),
('Charles', '20180116', '21', 1, '2018-01-24 09:30:38', '2018-01-24 09:30:38'),
('Annie', '20180116', '21', 1, '2018-01-24 09:30:38', '2018-01-24 09:30:38'),
('Aaron', '20180116', '21', 1, '2018-01-24 09:30:38', '2018-01-24 09:30:38'),
('Aaron', '20180116', '21', 2, '2018-01-24 09:30:38', '2018-01-24 09:30:38'),
('Aaron', '20180116', '21', 3, '2018-01-24 09:30:38', '2018-01-24 09:30:38'),
('吴小玲', '20180118', '21', 1, '2018-01-24 09:30:38', '2018-01-24 09:30:38'),
('吴小玲', '20180118', '21', 3, '2018-01-24 09:30:38', '2018-01-24 09:30:38'),
('吴小玲', '20180118', '21', 4, '2018-01-24 09:30:38', '2018-01-24 09:30:38'),
('吴小玲', '20180118', '21', 5, '2018-01-24 09:30:38', '2018-01-24 09:30:38'),
('水九齐', '20180118', '21', 1, '2018-01-24 09:30:38', '2018-01-24 09:30:38'),
('水九齐', '20180118', '21', 2, '2018-01-24 09:30:38', '2018-01-24 09:30:38'),
('水九齐', '20180118', '21', 5, '2018-01-24 09:30:38', '2018-01-24 09:30:38'),
('Lilian', '20180118', '21', 1, '2018-01-24 09:30:38', '2018-01-24 09:30:38'),
('Lilian', '20180118', '21', 2, '2018-01-24 09:30:38', '2018-01-24 09:30:38'),
('Lilian', '20180118', '21', 5, '2018-01-24 09:30:38', '2018-01-24 09:30:38'),
('杨志强', '20180118', '21', 1, '2018-01-24 09:30:38', '2018-01-24 09:30:38'),
('杨志强', '20180118', '21', 4, '2018-01-24 09:30:38', '2018-01-24 09:30:38'),
('肖桂林', '20180118', '21', 1, '2018-01-24 09:30:38', '2018-01-24 09:30:38'),
('胡晖', '20180118', '21', 1, '2018-01-24 09:30:38', '2018-01-24 09:30:38'),
('Sophy', '20180118', '21', 1, '2018-01-24 09:30:38', '2018-01-24 09:30:38'),
('温军军', '20180118', '21', 1, '2018-01-24 09:30:38', '2018-01-24 09:30:38'),
('温军军', '20180118', '21', 5, '2018-01-24 09:30:38', '2018-01-24 09:30:38'),
('谢青香', '20180118', '21', 1, '2018-01-24 09:30:38', '2018-01-24 09:30:38'),
('谢青香', '20180118', '21', 3, '2018-01-24 09:30:38', '2018-01-24 09:30:38'),
('谢青香', '20180118', '21', 5, '2018-01-24 09:30:38', '2018-01-24 09:30:38'),
('舒玉', '20180118', '21', 1, '2018-01-24 09:30:38', '2018-01-24 09:30:38'),
('启', '20180118', '21', 1, '2018-01-24 09:30:38', '2018-01-24 09:30:38'),
('启', '20180118', '21', 2, '2018-01-24 09:30:38', '2018-01-24 09:30:38'),
('启', '20180118', '21', 5, '2018-01-24 09:30:38', '2018-01-24 09:30:38'),
('Licky', '20180118', '21', 1, '2018-01-24 09:30:38', '2018-01-24 09:30:38'),
('田晗', '20180120', '21', 1, '2018-01-24 09:30:38', '2018-01-24 09:30:38'),
('田晗', '20180120', '21', 4, '2018-01-24 09:30:38', '2018-01-24 09:30:38'),
('田晗', '20180120', '21', 5, '2018-01-24 09:30:38', '2018-01-24 09:30:38'),
('廖敏', '20180120', '21', 1, '2018-01-24 09:30:38', '2018-01-24 09:30:38'),
('廖敏', '20180120', '21', 5, '2018-01-24 09:30:38', '2018-01-24 09:30:38'),
('水九齐', '20180120', '21', 1, '2018-01-24 09:30:38', '2018-01-24 09:30:38'),
('水九齐', '20180120', '21', 5, '2018-01-24 09:30:38', '2018-01-24 09:30:38'),
('贾森', '20180120', '21', 1, '2018-01-24 09:30:38', '2018-01-24 09:30:38'),
('贾森', '20180120', '21', 2, '2018-01-24 09:30:38', '2018-01-24 09:30:38'),
('贾森', '20180120', '21', 5, '2018-01-24 09:30:38', '2018-01-24 09:30:38'),
('Shirely', '20180120', '21', 1, '2018-01-24 09:30:38', '2018-01-24 09:30:38'),
('Shirely', '20180120', '21', 3, '2018-01-24 09:30:38', '2018-01-24 09:30:38'),
('Charles', '20180120', '21', 1, '2018-01-24 09:30:38', '2018-01-24 09:30:38'),
('Charles', '20180120', '21', 4, '2018-01-24 09:30:38', '2018-01-24 09:30:38'),
('熊艳', '20180120', '21', 1, '2018-01-24 09:30:38', '2018-01-24 09:30:38'),
('熊艳', '20180120', '21', 3, '2018-01-24 09:30:38', '2018-01-24 09:30:38'),
('Lilian', '20180120', '21', 1, '2018-01-24 09:30:38', '2018-01-24 09:30:38'),
('Doris', '20180120', '21', 1, '2018-01-24 09:30:38', '2018-01-24 09:30:38'),
('Doris', '20180120', '21', 2, '2018-01-24 09:30:38', '2018-01-24 09:30:38'),
('杨志强', '20180117', '21', 1, '2018-01-24 09:30:38', '2018-01-24 09:30:38'),
('杨志强', '20180117', '21', 4, '2018-01-24 09:30:38', '2018-01-24 09:30:38'),
('Shelley', '20180117', '21', 1, '2018-01-24 09:30:38', '2018-01-24 09:30:38'),
('Lilian', '20180117', '21', 1, '2018-01-24 09:30:38', '2018-01-24 09:30:38'),
('Charles', '20180117', '21', 1, '2018-01-24 09:30:38', '2018-01-24 09:30:38'),
('Charles', '20180117', '21', 3, '2018-01-24 09:30:38', '2018-01-24 09:30:38'),
('Charles', '20180117', '21', 5, '2018-01-24 09:30:38', '2018-01-24 09:30:38'),
('肖桂林', '20180117', '21', 1, '2018-01-24 09:30:38', '2018-01-24 09:30:38'),
('肖桂林', '20180117', '21', 5, '2018-01-24 09:30:38', '2018-01-24 09:30:38'),
('笑笑', '20180117', '21', 1, '2018-01-24 09:30:38', '2018-01-24 09:30:38'),
('笑笑', '20180117', '21', 2, '2018-01-24 09:30:38', '2018-01-24 09:30:38'),
('黄叶', '20180117', '21', 1, '2018-01-24 09:30:38', '2018-01-24 09:30:38'),
('黄叶', '20180117', '21', 5, '2018-01-24 09:30:38', '2018-01-24 09:30:38'),
('Nelson', '20180117', '21', 1, '2018-01-24 09:30:38', '2018-01-24 09:30:38'),
('Aaron', '20171222', '21', 3, '2018-01-24 09:30:38', '2018-01-24 09:30:38'),
('Aaron', '20171222', '21', 5, '2018-01-24 09:30:38', '2018-01-24 09:30:38'),
('Aaron', '20171223', '21', 5, '2018-01-24 09:30:38', '2018-01-24 09:30:38'),
('Aaron', '20171230', '21', 5, '2018-01-24 09:30:38', '2018-01-24 09:30:38'),
('Aaron', '20180113', '21', 5, '2018-01-24 09:30:38', '2018-01-24 09:30:38'),
('Aaron', '20180116', '21', 5, '2018-01-24 09:30:38', '2018-01-24 09:30:38'),
('Aaron', '20180119', '21', 5, '2018-01-24 09:30:38', '2018-01-24 09:30:38'),
('1423', '20180123', '2030', 1, '2018-01-24 09:30:38', '2018-01-24 09:30:38'),
('1423', '20180123', '2030', 4, '2018-01-24 09:30:38', '2018-01-24 09:30:38'),
('openid', '20180124', '2030', 4, '2018-01-24 09:30:38', '2018-01-24 09:30:38'),
('[object Object]', '20180124', '2030', 1, '2018-01-24 09:39:47', '2018-01-24 09:39:47'),
('[object Object]', '20180124', '2030', 2, '2018-01-24 09:39:47', '2018-01-24 09:39:47'),
('ojVEl0XuK00Wthcppktt5rVu-9DA', '20180124', '2030', 1, '2018-01-24 12:13:37', '2018-01-24 12:13:37'),
('ojVEl0XuK00Wthcppktt5rVu-9DA', '20180124', '2030', 2, '2018-01-24 12:13:37', '2018-01-24 12:13:37'),
('ojVEl0XuK00Wthcppktt5rVu-9DA', '20180124', '2030', 3, '2018-01-24 12:13:37', '2018-01-24 12:13:37'),
('ojVEl0XuK00Wthcppktt5rVu-9DA', '20180124', '2030', 5, '2018-01-24 12:13:37', '2018-01-24 12:13:37'),
('ojVEl0XuK00Wthcppktt5rVu-9DA', '20180124', '2200', 1, '2018-01-26 08:10:30', '2018-01-26 08:10:30'),
('ojVEl0XuK00Wthcppktt5rVu-9DA', '20180124', '2200', 2, '2018-01-26 08:10:30', '2018-01-26 08:10:30'),
('ojVEl0XuK00Wthcppktt5rVu-9DA', '20180124', '2200', 5, '2018-01-26 08:10:30', '2018-01-26 08:10:30'),
('ojVEl0XuK00Wthcppktt5rVu-9DA', '20180127', '2030', 1, '2018-01-28 05:46:45', '2018-01-28 05:46:45'),
('ojVEl0XuK00Wthcppktt5rVu-9DA', '20180127', '2030', 2, '2018-01-28 05:46:45', '2018-01-28 05:46:45'),
('ojVEl0XuK00Wthcppktt5rVu-9DA', '20180127', '2030', 3, '2018-01-28 05:46:45', '2018-01-28 05:46:45'),
('ojVEl0dDlpiS7dS58LzoE--9nsRw', '20180127', '2100', 1, '2018-01-28 10:00:37', '2018-01-28 10:00:37'),
('ojVEl0dDlpiS7dS58LzoE--9nsRw', '20180127', '2100', 4, '2018-01-28 10:00:37', '2018-01-28 10:00:37'),
('ojVEl0XuK00Wthcppktt5rVu-9DA', '20180128', '2030', 1, '2018-01-28 13:01:36', '2018-01-28 13:01:36'),
('ojVEl0XuK00Wthcppktt5rVu-9DA', '20180128', '2030', 2, '2018-01-28 13:01:36', '2018-01-28 13:01:36'),
('ojVEl0XuK00Wthcppktt5rVu-9DA', '20180128', '2030', 3, '2018-01-28 13:01:36', '2018-01-28 13:01:36');

-- --------------------------------------------------------

--
-- 表的结构 `user_score_rank`
--

CREATE TABLE `user_score_rank` (
  `user_id` varchar(30) NOT NULL COMMENT '用户ID',
  `score_type` int(2) NOT NULL COMMENT '积分类型',
  `score_total` int(11) NOT NULL COMMENT '积分总数',
  `rank` int(11) NOT NULL COMMENT '积分排名',
  `create_date` timestamp NOT NULL DEFAULT CURRENT_TIMESTAMP COMMENT '创建时间'
) ENGINE=InnoDB DEFAULT CHARSET=utf8mb4 COMMENT='用户积分排名';

-- --------------------------------------------------------

--
-- 表的结构 `user_study_duration`
--

CREATE TABLE `user_study_duration` (
  `user_id` varchar(30) NOT NULL COMMENT '用户ID',
  `study_date` varchar(8) NOT NULL COMMENT '学习时间',
  `study_duration` int(4) NOT NULL COMMENT '学习时长',
  `create_time` timestamp NOT NULL DEFAULT CURRENT_TIMESTAMP COMMENT '创建时间'
) ENGINE=InnoDB DEFAULT CHARSET=utf8mb4;

--
-- 转存表中的数据 `user_study_duration`
--

INSERT INTO `user_study_duration` (`user_id`, `study_date`, `study_duration`, `create_time`) VALUES
('ojVEl0XuK00Wthcppktt5rVu-9DA', '20180127', 438, '2018-01-28 05:46:48'),
('ojVEl0XuK00Wthcppktt5rVu-9DA', '20180128', 34, '2018-01-28 10:01:05'),
('ojVEl0dDlpiS7dS58LzoE--9nsRw', '20180127', 40, '2018-01-28 10:01:33'),
('ojVEl0XuK00Wthcppktt5rVu-9DA', '20180126', 43, '2018-01-28 13:40:35');

--
-- Indexes for dumped tables
--

--
-- Indexes for table `cSessionInfo`
--
ALTER TABLE `cSessionInfo`
  ADD PRIMARY KEY (`open_id`),
  ADD KEY `openid` (`open_id`) USING BTREE,
  ADD KEY `skey` (`skey`) USING BTREE;

--
-- Indexes for table `meeting_apply`
--
ALTER TABLE `meeting_apply`
  ADD KEY `user_id` (`user_id`);

--
-- Indexes for table `meeting_apply_pre`
--
ALTER TABLE `meeting_apply_pre`
  ADD KEY `user_id` (`user_id`),
  ADD KEY `user_id_2` (`user_id`);

--
-- Indexes for table `meeting_report`
--
ALTER TABLE `meeting_report`
  ADD KEY `user_id` (`user_id`);

--
-- Indexes for table `user_absent`
--
ALTER TABLE `user_absent`
  ADD KEY `user_id` (`user_id`);

--
-- Indexes for table `user_base_info`
--
ALTER TABLE `user_base_info`
  ADD PRIMARY KEY (`user_id`);
COMMIT;

/*!40101 SET CHARACTER_SET_CLIENT=@OLD_CHARACTER_SET_CLIENT */;
/*!40101 SET CHARACTER_SET_RESULTS=@OLD_CHARACTER_SET_RESULTS */;
/*!40101 SET COLLATION_CONNECTION=@OLD_COLLATION_CONNECTION */;
